id,0
3,850320100.0
4,617264450.0
6,692392960.0
8,672222850.0
12,675792000.0
14,828128700.0
18,797146560.0
53,691064800.0
57,602975900.0
61,887112100.0
83,708293200.0
89,662196500.0
91,716536500.0
97,683796400.0
104,651827840.0
113,651827840.0
117,590455040.0
120,811941950.0
122,640043460.0
126,647215100.0
132,952958850.0
136,886721860.0
146,612200260.0
147,826660740.0
149,670190700.0
150,714966850.0
157,676296640.0
159,790917060.0
165,673426370.0
168,695895040.0
169,687523000.0
173,870684350.0
177,775346240.0
179,752526340.0
182,804175600.0
186,808597100.0
192,607854600.0
199,814435140.0
216,795300030.0
220,616602430.0
225,681015100.0
241,681015100.0
244,640173950.0
249,674327200.0
256,727997300.0
262,718808500.0
267,693295900.0
278,778506560.0
284,613534200.0
295,715270140.0
298,664452300.0
304,645799400.0
305,611755100.0
309,779235400.0
310,619941570.0
318,693295900.0
324,806303360.0
325,719032900.0
347,929966340.0
351,715232830.0
354,706331100.0
362,588830700.0
365,845334000.0
370,790917060.0
374,656811000.0
375,770114050.0
385,622879000.0
387,631723100.0
403,706331100.0
412,682491700.0
415,622115000.0
417,778769400.0
429,752978560.0
430,627222500.0
440,694811900.0
443,737804700.0
453,945397500.0
461,835099700.0
484,919890500.0
494,662473000.0
499,681015100.0
510,649280100.0
519,794152770.0
526,706331100.0
527,582430500.0
529,690113540.0
533,849652300.0
536,693295900.0
538,664830100.0
544,631788740.0
549,769424800.0
560,664452300.0
567,750017500.0
574,733692160.0
583,629327300.0
589,694858560.0
591,694858560.0
592,655154400.0
594,711966800.0
596,640416200.0
600,824735740.0
606,675627600.0
616,835118340.0
617,785220200.0
618,902394050.0
622,807620860.0
624,642584960.0
626,826469570.0
630,838401900.0
637,782747400.0
638,697387970.0
645,779614340.0
661,601075200.0
669,735279500.0
692,694472900.0
702,671386560.0
710,783476200.0
714,809850940.0
716,623071900.0
721,685799940.0
723,849652300.0
726,826581250.0
730,795203900.0
732,926445500.0
738,796647550.0
740,542350300.0
746,827890900.0
747,849652300.0
749,733428030.0
753,647443300.0
756,704491700.0
766,760308540.0
774,782572160.0
782,721746700.0
799,792956740.0
818,672222850.0
819,849652300.0
836,745727000.0
839,727783100.0
840,725473700.0
858,770407400.0
859,605701300.0
878,663619800.0
925,992938560.0
933,674453800.0
945,796417600.0
956,681015100.0
969,753858500.0
977,568404030.0
983,679717600.0
996,680495360.0
1002,693295900.0
1016,684820200.0
1022,673870200.0
1032,840248800.0
1034,626907500.0
1040,821535600.0
1044,763469060.0
1046,646558500.0
1065,855972700.0
1066,674453800.0
1070,688978300.0
1077,725473700.0
1078,786632500.0
1084,626907500.0
1089,733695600.0
1092,798514200.0
1093,676296640.0
1094,727799230.0
1117,650413400.0
1118,653172700.0
1134,674405800.0
1146,623976450.0
1154,620501700.0
1163,594036160.0
1168,953367500.0
1169,671780740.0
1181,674583200.0
1185,702356900.0
1186,762493500.0
1191,657362050.0
1195,797814400.0
1199,617029500.0
1206,779816800.0
1212,680738500.0
1215,658913300.0
1230,649280100.0
1236,849652300.0
1237,760807900.0
1239,892200450.0
1240,662196500.0
1241,648646700.0
1252,681015100.0
1255,670075000.0
1265,529135170.0
1270,651953300.0
1272,792823040.0
1274,812621100.0
1275,554418940.0
1309,633175550.0
1314,686139460.0
1324,666249500.0
1328,846707840.0
1331,637724350.0
1339,706331100.0
1342,664409340.0
1347,648290300.0
1352,662473000.0
1356,693295900.0
1360,870367600.0
1368,946233400.0
1384,741544800.0
1385,750442900.0
1399,718217800.0
1405,620904800.0
1418,644735940.0
1435,664169860.0
1438,702356900.0
1445,780692000.0
1454,672479550.0
1457,728159360.0
1463,834415170.0
1468,757825600.0
1475,681015100.0
1499,692659500.0
1501,786632500.0
1504,693295900.0
1508,767573000.0
1512,740791940.0
1520,639739840.0
1521,626907500.0
1522,719032900.0
1529,857809900.0
1530,674453800.0
1538,651827840.0
1558,643744260.0
1559,685346000.0
1564,822106100.0
1591,587306100.0
1594,670795200.0
1595,770114050.0
1596,663858560.0
1599,734381400.0
1608,857809900.0
1614,666637800.0
1615,640048500.0
1623,698964860.0
1626,811791550.0
1627,693648300.0
1628,723779800.0
1643,612952000.0
1655,857809900.0
1657,808047500.0
1658,849652300.0
1660,657347200.0
1667,830005000.0
1672,803305200.0
1680,857809900.0
1684,700163650.0
1693,681015100.0
1695,707972540.0
1698,665854140.0
1701,901020500.0
1702,605257700.0
1740,702642800.0
1747,748612350.0
1753,774977300.0
1758,674453800.0
1760,876377800.0
1763,742973800.0
1769,668227200.0
1773,902133000.0
1779,640945000.0
1781,621618400.0
1785,625266900.0
1787,775684500.0
1790,662196500.0
1791,666083600.0
1795,670795200.0
1809,665885900.0
1813,644371500.0
1824,662196500.0
1828,691064800.0
1841,685346000.0
1845,782556400.0
1848,720856200.0
1849,803913200.0
1850,685346000.0
1861,685622600.0
1871,822156160.0
1880,686447900.0
1889,733695600.0
1890,577948300.0
1897,660988700.0
1907,621974660.0
1910,685622600.0
1912,616602430.0
1914,948273400.0
1917,685622600.0
1919,738190800.0
1921,612476800.0
1925,692659500.0
1928,741849100.0
1932,765176770.0
1950,868490240.0
1955,659582850.0
1965,767573000.0
1970,728236350.0
1978,825598460.0
1991,786721100.0
1993,622336900.0
1996,808563600.0
2001,657780160.0
2010,616602430.0
2032,801356350.0
2038,704342800.0
2041,662196500.0
2042,657780160.0
2046,928374140.0
2048,803306750.0
2058,814435140.0
2059,676296640.0
2069,674583200.0
2071,679011200.0
2081,764624100.0
2089,685346000.0
2092,832583900.0
2094,631788740.0
2108,795281860.0
2109,795281860.0
2110,693295900.0
2111,853251460.0
2112,714966850.0
2117,665854140.0
2118,756173100.0
2121,676296640.0
2123,820393540.0
2125,676366340.0
2133,814435140.0
2135,637237950.0
2168,797146560.0
2170,597674940.0
2175,670075000.0
2190,632832900.0
2193,696888700.0
2194,754939650.0
2203,864487740.0
2204,955838340.0
2211,785788000.0
2221,607357100.0
2222,793554500.0
2230,681015100.0
2238,824573800.0
2252,795281860.0
2255,692975740.0
2264,709942100.0
2275,799483100.0
2289,770114050.0
2293,800801000.0
2298,796184770.0
2310,633058500.0
2311,625252300.0
2312,871503360.0
2313,776424640.0
2320,652260030.0
2323,681918400.0
2326,624748540.0
2336,815118340.0
2355,704179140.0
2357,576883460.0
2359,666861440.0
2368,844616900.0
2369,815044160.0
2371,775346240.0
2378,757270300.0
2379,693295900.0
2380,706274300.0
2386,684779800.0
2389,960335740.0
2392,677578000.0
2400,943063500.0
2403,715204900.0
2405,659231900.0
2421,832344060.0
2422,677854500.0
2423,589451140.0
2427,555133440.0
2428,653542100.0
2430,828113200.0
2431,814322800.0
2441,673426370.0
2448,728220200.0
2450,708888600.0
2455,825180700.0
2473,629327300.0
2479,666637800.0
2483,681015100.0
2489,952119000.0
2491,811941950.0
2493,674453800.0
2504,665252400.0
2507,602427650.0
2543,803306750.0
2558,669798400.0
2564,649280100.0
2570,782572160.0
2584,655512450.0
2585,804593800.0
2587,596997700.0
2588,820512300.0
2590,629327300.0
2599,728810100.0
2600,687450430.0
2612,753690940.0
2617,834023100.0
2619,796979260.0
2624,833778000.0
2632,902133000.0
2635,777335400.0
2639,662473000.0
2645,643765100.0
2646,777693700.0
2651,802660800.0
2653,839978600.0
2658,850320100.0
2665,709256200.0
2666,644867800.0
2669,785395000.0
2670,676296640.0
2676,729372740.0
2678,709256200.0
2685,772144700.0
2689,701460740.0
2690,693295900.0
2698,685622600.0
2703,804593800.0
2715,621484300.0
2719,707570900.0
2731,777579300.0
2735,670075000.0
2745,693295900.0
2748,559508000.0
2758,697387970.0
2761,819753660.0
2763,632527170.0
2769,588009200.0
2775,663029900.0
2778,809746240.0
2783,697387970.0
2790,639957700.0
2795,796184770.0
2797,846828350.0
2801,660415700.0
2805,686579600.0
2806,733958300.0
2816,669798400.0
2817,656811000.0
2818,723174200.0
2819,672756200.0
2822,811941950.0
2830,589693300.0
2845,644371500.0
2851,662196500.0
2859,804593800.0
2868,824573800.0
2871,672735100.0
2880,633301900.0
2886,831290750.0
2887,624406000.0
2895,692325700.0
2896,902133000.0
2926,637545800.0
2931,663397250.0
2934,825099970.0
2952,851500400.0
2955,681182600.0
2961,952232260.0
2976,679089400.0
2978,663308500.0
2980,897786750.0
2981,693295900.0
2993,672479550.0
2999,790917060.0
3004,781147700.0
3005,655169660.0
3007,775346240.0
3014,980128060.0
3018,686425300.0
3022,670075000.0
3023,814435140.0
3024,636875650.0
3033,680738500.0
3036,796647550.0
3041,894570400.0
3042,676296640.0
3047,773548160.0
3052,662196500.0
3055,672222850.0
3057,818516300.0
3063,672311200.0
3066,840315300.0
3071,697387970.0
3087,782572160.0
3094,709256200.0
3109,649280100.0
3113,681015100.0
3123,622093630.0
3124,980232900.0
3125,800351740.0
3142,622402500.0
3151,790917060.0
3153,696082500.0
3164,662196500.0
3165,985168450.0
3171,581313400.0
3174,829165250.0
3176,663619800.0
3180,952958850.0
3188,824573800.0
3195,838033600.0
3208,633025340.0
3209,812939100.0
3212,798063300.0
3214,782572160.0
3226,500018050.0
3236,592603600.0
3239,805470340.0
3244,770345500.0
3249,743956860.0
3250,758995400.0
3255,723184060.0
3264,610542850.0
3276,883865600.0
3281,693295900.0
3285,782572160.0
3293,616672640.0
3318,894570400.0
3325,670795200.0
3332,652553340.0
3342,700114600.0
3348,895965440.0
3351,789460300.0
3353,676296640.0
3364,572218430.0
3366,772481600.0
3368,677854500.0
3381,660679800.0
3410,805764400.0
3417,868238340.0
3422,681015100.0
3435,772386240.0
3438,718768700.0
3443,836734200.0
3445,809348860.0
3452,825399500.0
3453,595319200.0
3459,764926100.0
3463,619941570.0
3465,775043650.0
3469,649280100.0
3470,824573800.0
3489,704179140.0
3492,681015100.0
3494,658445100.0
3500,939605400.0
3512,834573900.0
3524,665885900.0
3535,838114400.0
3538,749588160.0
3552,637969100.0
3555,618989700.0
3560,818402300.0
3562,639619200.0
3565,754055900.0
3566,826512900.0
3568,620842500.0
3569,645593800.0
3578,649308160.0
3584,811136100.0
3585,671780740.0
3587,644043260.0
3594,693637600.0
3599,827524100.0
3602,809159740.0
3605,662196500.0
3606,588267700.0
3608,690113540.0
3610,761840830.0
3630,843152060.0
3638,800801000.0
3645,807671500.0
3646,787348600.0
3650,825180700.0
3660,824331700.0
3662,682700100.0
3665,767573000.0
3668,687401500.0
3673,635930300.0
3677,649487170.0
3690,681488960.0
3691,676296640.0
3698,794586700.0
3744,637344600.0
3748,706331100.0
3749,672479550.0
3756,784436160.0
3760,675649800.0
3778,737203600.0
3786,849652300.0
3791,553182000.0
3803,670795200.0
3804,692370900.0
3812,836196200.0
3818,791502000.0
3821,818398660.0
3829,608259140.0
3832,690788300.0
3833,804593800.0
3835,616750340.0
3845,642799740.0
3863,697564100.0
3864,670757760.0
3867,640402200.0
3868,701460740.0
3873,685622600.0
3880,632724100.0
3884,610340700.0
3904,671601100.0
3908,585120830.0
3911,698664770.0
3913,795093100.0
3919,740791940.0
3923,685622600.0
3925,671968600.0
3933,649825150.0
3936,622402500.0
3940,631692400.0
3943,665885900.0
3963,860763300.0
3964,685346000.0
3966,736305340.0
3970,725029800.0
3977,837205600.0
3978,662226100.0
3985,849652300.0
3986,814227500.0
3988,811791550.0
3998,638179260.0
4007,627703900.0
4012,946233400.0
4016,744135360.0
4024,677854500.0
4026,718993860.0
4031,458552030.0
4036,847281660.0
4040,787055900.0
4049,727783100.0
4052,604795900.0
4059,674722500.0
4060,695188000.0
4064,622644400.0
4074,671780740.0
4091,637969100.0
4098,674726340.0
4102,798533200.0
4105,626396700.0
4121,554686140.0
4131,753114400.0
4133,721043100.0
4135,823582850.0
4148,802669060.0
4149,679011200.0
4159,803020500.0
4163,868238340.0
4168,696457700.0
4170,681015100.0
4176,865811140.0
4197,796882750.0
4198,684600450.0
4199,453390100.0
4201,453390100.0
4206,691493800.0
4220,674453800.0
4221,681015100.0
4225,720140300.0
4226,617306050.0
4232,677463230.0
4233,605518300.0
4242,672479550.0
4248,639415100.0
4249,868238340.0
4252,809250000.0
4253,849652300.0
4261,714966850.0
4266,858281500.0
4267,730378240.0
4275,858219840.0
4283,581313400.0
4286,858219840.0
4295,601395000.0
4300,815989700.0
4303,674177300.0
4306,741544800.0
4308,662196500.0
4313,790917060.0
4314,632527170.0
4326,821660160.0
4342,628274940.0
4345,703591700.0
4355,656617500.0
4357,648312900.0
4359,668842560.0
4367,635618370.0
4369,858310500.0
4371,652757800.0
4372,782747400.0
4379,654104800.0
4380,682821760.0
4384,681015100.0
4385,559508000.0
4390,697762800.0
4392,797714940.0
4394,681015100.0
4397,697003140.0
4398,765321340.0
4403,574706940.0
4407,706331100.0
4412,588949950.0
4416,857809900.0
4422,684820200.0
4428,676020030.0
4432,674726340.0
4434,585532540.0
4437,801274300.0
4438,805970500.0
4441,622117760.0
4448,631692400.0
4458,674405800.0
4459,707847040.0
4466,846828350.0
4471,680738500.0
4484,721353660.0
4489,453390100.0
4492,837613900.0
4497,741544800.0
4501,676296640.0
4504,805470340.0
4505,613354940.0
4512,663113100.0
4513,695140500.0
4514,651953300.0
4517,806431700.0
4520,724609340.0
4524,670190700.0
4528,516468770.0
4541,855302460.0
4542,833315500.0
4546,897786750.0
4552,750442900.0
4568,591123800.0
4585,664861900.0
4589,676296640.0
4591,704026700.0
4592,807482800.0
4602,887208450.0
4603,732712700.0
4607,643813600.0
4612,684256800.0
4614,868490240.0
4615,835567740.0
4617,546930800.0
4618,630583100.0
4619,691159500.0
4629,768373950.0
4634,656592900.0
4641,613178000.0
4645,633301900.0
4653,748319300.0
4654,623730050.0
4668,868238340.0
4674,586287300.0
4677,662196500.0
4680,827890900.0
4684,656263040.0
4686,732631940.0
4693,767573000.0
4695,681015100.0
4698,808834750.0
4699,824032900.0
4709,588653600.0
4711,807482800.0
4726,814873600.0
4733,825180700.0
4734,597322430.0
4737,835118340.0
4738,644339100.0
4745,633301900.0
4748,664427000.0
4749,811973900.0
4754,685346000.0
4761,725473700.0
4768,654838800.0
4778,849652300.0
4779,809250000.0
4792,750177660.0
4796,680756500.0
4799,825180700.0
4818,685346000.0
4826,709256200.0
4827,786632500.0
4830,643765100.0
4835,670075000.0
4837,832168400.0
4846,666637800.0
4847,807671500.0
4849,829617340.0
4870,616524350.0
4872,846828350.0
4881,830505900.0
4902,672921150.0
4915,715270140.0
4918,643746560.0
4941,872507840.0
4942,765406600.0
4955,701676500.0
4959,906153660.0
4960,624128960.0
4976,685622600.0
4978,684323900.0
4983,676045400.0
4986,958294460.0
4987,632189060.0
4996,821241000.0
4999,669778240.0
5001,659231900.0
5002,738261060.0
5025,849299840.0
5032,707570900.0
5036,849652300.0
5037,765176770.0
5047,626025540.0
5052,691064800.0
5054,623730050.0
5061,738892300.0
5063,822319360.0
5070,638179260.0
5077,792691200.0
5081,751528960.0
5085,625064500.0
5088,809557600.0
5097,743554050.0
5098,588830700.0
5109,662196500.0
5110,707847040.0
5119,782280450.0
5125,757761700.0
5129,626907500.0
5133,769011400.0
5141,632527170.0
5150,798799040.0
5156,625377540.0
5162,646619140.0
5174,823772350.0
5177,640427970.0
5179,637957950.0
5181,681435100.0
5188,630547900.0
5189,624049100.0
5197,805927500.0
5202,659228900.0
5203,663619800.0
5207,868238340.0
5214,909178900.0
5216,800554560.0
5221,670075000.0
5228,683980200.0
5231,651953300.0
5235,742986000.0
5236,824460400.0
5237,604598850.0
5249,635368700.0
5262,797117400.0
5266,660679800.0
5277,588267700.0
5281,684820200.0
5284,857809900.0
5287,789937700.0
5290,815118340.0
5299,825180700.0
5317,677854500.0
5318,667950660.0
5324,662196500.0
5330,768671200.0
5355,631723100.0
5372,806032800.0
5378,894570400.0
5385,744135360.0
5392,754939650.0
5401,799483100.0
5408,721446300.0
5409,666857150.0
5413,854451260.0
5416,670075000.0
5417,665677630.0
5418,857809900.0
5421,802660800.0
5428,684600450.0
5430,624006660.0
5432,767573000.0
5436,775265340.0
5437,643765100.0
5458,754939650.0
5466,768115140.0
5472,788904200.0
5482,745562300.0
5496,687523000.0
5502,672479550.0
5515,854077060.0
5517,671117700.0
5520,832807200.0
5521,706331100.0
5531,662196500.0
5540,681469950.0
5545,662473000.0
5546,701460740.0
5548,709256200.0
5553,804115800.0
5555,827489100.0
5560,681015100.0
5561,634964800.0
5563,618192300.0
5566,672321200.0
5570,684323900.0
5571,775316350.0
5585,716536500.0
5590,775346240.0
5592,691064800.0
5609,644909060.0
5611,716536500.0
5614,630547900.0
5624,642523200.0
5627,618989700.0
5633,685270660.0
5643,633440450.0
5650,713284200.0
5651,845186500.0
5669,786818200.0
5682,744036740.0
5684,644494400.0
5691,651674100.0
5693,895965440.0
5698,638751800.0
5707,797814400.0
5712,628886850.0
5716,642799740.0
5720,642584960.0
5725,686579600.0
5726,812012900.0
5731,830234240.0
5735,860864640.0
5737,780313000.0
5740,786698940.0
5741,716695600.0
5746,949462460.0
5751,793961800.0
5755,633301900.0
5761,729438600.0
5765,769284600.0
5769,820126660.0
5771,594095500.0
5779,827263740.0
5782,693648300.0
5785,686054000.0
5794,715232830.0
5795,673426370.0
5796,716806850.0
5807,780931460.0
5809,813566000.0
5813,725473700.0
5814,786909250.0
5818,819688260.0
5831,682011400.0
5834,846341760.0
5835,782572160.0
5845,670075000.0
5847,699096260.0
5852,626907500.0
5870,945687230.0
5871,849409340.0
5875,673703000.0
5880,798099100.0
5883,686579600.0
5888,791818100.0
5891,631723100.0
5893,872645400.0
5910,797814400.0
5925,664732860.0
5926,469026800.0
5931,714531840.0
5935,611602300.0
5948,605257700.0
5951,694811900.0
5956,686941200.0
5960,735299140.0
5961,652598850.0
5963,785833860.0
5978,755933500.0
5979,849652300.0
5990,620783000.0
5996,991145600.0
6010,697387970.0
6012,816664800.0
6015,613178000.0
6019,667093400.0
6023,667950660.0
6030,747925950.0
6031,616585100.0
6032,769971260.0
6035,829787600.0
6037,646470300.0
6043,832344060.0
6045,725473700.0
6046,811941950.0
6051,601456200.0
6052,855972700.0
6065,675969860.0
6067,581313400.0
6074,687401500.0
6081,600675000.0
6082,581313400.0
6085,874231100.0
6086,812150660.0
6106,796628100.0
6142,625543500.0
6145,783780540.0
6154,811941950.0
6168,750220500.0
6171,718217800.0
6172,676296640.0
6179,637969100.0
6181,645470140.0
6184,820292350.0
6185,732416700.0
6191,643469950.0
6193,712664300.0
6197,617055900.0
6199,804593800.0
6201,680738500.0
6202,855302460.0
6206,653469250.0
6208,654854800.0
6214,677673300.0
6221,576709000.0
6224,822438460.0
6228,860687170.0
6236,680104960.0
6274,882147840.0
6276,631723100.0
6283,675969860.0
6286,585120830.0
6301,751598340.0
6307,679709700.0
6324,750577800.0
6326,810044000.0
6329,874618200.0
6340,631723100.0
6343,569201100.0
6356,704179140.0
6359,712790900.0
6360,638179260.0
6361,707147400.0
6369,671147300.0
6371,730148540.0
6372,824331700.0
6385,666914400.0
6386,669139460.0
6388,838033600.0
6389,641651000.0
6394,764641800.0
6397,767573000.0
6398,838650800.0
6403,721353660.0
6411,670795200.0
6412,788625800.0
6413,734593150.0
6429,661210300.0
6434,743555100.0
6437,664452300.0
6446,681015100.0
6453,622648960.0
6455,681015100.0
6458,801403400.0
6459,675619140.0
6461,631692400.0
6463,801838000.0
6476,664452300.0
6481,782159100.0
6504,855972700.0
6511,759511300.0
6521,718717250.0
6527,684256800.0
6543,679401340.0
6547,832344060.0
6550,837613900.0
6551,547990340.0
6557,826528300.0
6559,656811000.0
6566,775346240.0
6571,696457700.0
6573,725473700.0
6575,624006660.0
6580,684685300.0
6583,895370240.0
6589,681015100.0
6597,676034400.0
6605,671780740.0
6613,745761200.0
6621,776430600.0
6630,807671500.0
6631,694656830.0
6633,633058500.0
6634,620743800.0
6635,891990400.0
6636,665885900.0
6642,633301900.0
6646,801356350.0
6649,829617340.0
6658,690113540.0
6660,752718660.0
6665,800444500.0
6668,626907500.0
6683,782572160.0
6696,646558500.0
6698,631723100.0
6699,872415700.0
6715,731610600.0
6721,684323900.0
6727,626907500.0
6732,632261900.0
6743,760807900.0
6747,849652300.0
6749,682103400.0
6759,670757760.0
6765,616602430.0
6771,849652300.0
6772,664409340.0
6775,657347200.0
6786,616585100.0
6788,543632640.0
6795,704270300.0
6801,621484300.0
6807,660679800.0
6808,906885760.0
6815,676296640.0
6821,657899650.0
6829,789107800.0
6836,864487740.0
6839,846828350.0
6846,644371500.0
6854,816717760.0
6866,653762900.0
6870,834573900.0
6873,801356350.0
6875,686321900.0
6878,688047600.0
6888,670757760.0
6891,857809900.0
6895,644339100.0
6902,642584960.0
6908,773728000.0
6912,608051400.0
6914,666914400.0
6919,812939100.0
6942,806819600.0
6945,631723100.0
6960,637048260.0
6967,666249500.0
6969,799933200.0
6977,811941950.0
6984,645613300.0
6988,664452300.0
6992,670795200.0
6993,699641660.0
6994,607637700.0
6998,808047500.0
7008,734457860.0
7014,822156160.0
7016,575878460.0
7022,733898430.0
7033,705636200.0
7040,857809900.0
7041,952196900.0
7055,696457700.0
7065,675426600.0
7074,804593800.0
7076,781273900.0
7078,758452860.0
7081,681015100.0
7085,599862660.0
7090,785519000.0
7091,657132740.0
7095,797230460.0
7101,560166500.0
7106,675426600.0
7109,677854500.0
7112,614981700.0
7118,917515400.0
7131,808084400.0
7142,630548860.0
7159,677012160.0
7169,905862800.0
7175,716500400.0
7182,832634240.0
7183,706331100.0
7187,846828350.0
7189,716536500.0
7202,617029500.0
7203,775346240.0
7227,678767900.0
7236,928395300.0
7239,605361000.0
7244,632164740.0
7252,687523000.0
7255,662196500.0
7257,596905000.0
7258,772187700.0
7275,672222850.0
7277,705596350.0
7279,684256800.0
7300,820917600.0
7302,749248600.0
7310,825180700.0
7339,693295900.0
7345,620842500.0
7352,611780100.0
7353,674453800.0
7357,647443300.0
7374,652829900.0
7385,820190500.0
7394,814435140.0
7395,674405800.0
7396,692239360.0
7404,631723100.0
7405,849070200.0
7408,662196500.0
7411,874618200.0
7413,845400300.0
7429,663783300.0
7435,829617340.0
7437,690113540.0
7444,770345500.0
7445,775346240.0
7449,824331700.0
7454,812821060.0
7464,849652300.0
7478,782159100.0
7482,685622600.0
7484,782747400.0
7485,659582850.0
7488,811562430.0
7491,758390700.0
7493,681488960.0
7496,580829250.0
7500,625252300.0
7501,662624960.0
7520,849652300.0
7522,798764160.0
7529,813374850.0
7536,895965440.0
7541,775346240.0
7555,825180700.0
7558,664688830.0
7560,670795200.0
7564,974824600.0
7565,712941600.0
7568,772113540.0
7574,676296640.0
7577,797814400.0
7582,704292740.0
7586,736932100.0
7595,591123800.0
7602,849652300.0
7603,777115840.0
7607,839701700.0
7614,825180700.0
7633,680175100.0
7645,652890750.0
7648,654854800.0
7650,587825200.0
7658,767573000.0
7661,704179140.0
7673,691064800.0
7687,887208450.0
7692,688919300.0
7701,796647550.0
7706,690113540.0
7710,633301900.0
7713,822156160.0
7734,633211970.0
7736,670864960.0
7740,791322700.0
7741,677854500.0
7742,767573000.0
7745,830878400.0
7748,775346240.0
7762,597962560.0
7763,808522100.0
7776,702642800.0
7791,681015100.0
7797,775621060.0
7806,662196500.0
7821,849652300.0
7827,651953300.0
7830,814435140.0
7838,833315500.0
7839,806597900.0
7840,665443400.0
7849,733201860.0
7850,697387970.0
7851,625639200.0
7852,649308160.0
7855,672479550.0
7871,610765250.0
7872,648306560.0
7875,644371500.0
7879,684256800.0
7883,587976260.0
7884,765673150.0
7890,637957950.0
7900,711650900.0
7901,705480600.0
7903,832807200.0
7910,796759600.0
7914,614588400.0
7918,674453800.0
7921,666857150.0
7929,637545800.0
7932,876309400.0
7938,655144200.0
7940,868238340.0
7943,706254800.0
7944,616579500.0
7946,715232830.0
7947,616168640.0
7954,681015100.0
7958,607637700.0
7964,681015100.0
7965,836827200.0
7967,860763300.0
7976,798758800.0
7982,640416200.0
8001,637959940.0
8008,829617340.0
8024,674453800.0
8034,751598340.0
8042,716343550.0
8043,751598340.0
8068,782572160.0
8071,834007040.0
8073,814821500.0
8077,616879000.0
8084,806303360.0
8088,665854140.0
8089,647842750.0
8090,851492740.0
8092,644371500.0
8095,826581250.0
8101,682194940.0
8102,756101950.0
8104,935611140.0
8108,747958660.0
8119,681015100.0
8140,777379500.0
8143,849652300.0
8145,782352700.0
8149,593414500.0
8150,812686900.0
8178,681015100.0
8189,720189100.0
8198,707214460.0
8200,860496200.0
8208,637969100.0
8209,958294460.0
8218,690742200.0
8229,684256800.0
8232,730327040.0
8234,650871550.0
8244,857809900.0
8251,673040060.0
8253,653579600.0
8258,858219840.0
8261,814435140.0
8270,684685300.0
8276,911202050.0
8280,682768300.0
8281,662473000.0
8284,854345700.0
8290,801965400.0
8295,616585100.0
8298,674583200.0
8302,816717760.0
8311,581855200.0
8312,803305200.0
8317,646691140.0
8318,674583200.0
8326,811370400.0
8329,723295170.0
8337,692580500.0
8350,818516300.0
8352,806303360.0
8353,902394050.0
8364,610507600.0
8366,849652300.0
8369,794355140.0
8373,753785800.0
8374,659694340.0
8381,656765400.0
8387,675426600.0
8391,621957600.0
8399,683710900.0
8402,801356350.0
8406,691629500.0
8412,698801000.0
8422,753758800.0
8426,651953300.0
8427,825099970.0
8431,697387970.0
8437,910554100.0
8445,829410200.0
8451,873539460.0
8464,684256800.0
8466,680738500.0
8467,677031900.0
8473,808522100.0
8506,693648300.0
8520,834007040.0
8524,825027840.0
8525,849652300.0
8536,657862400.0
8540,765176770.0
8546,617296960.0
8549,668227200.0
8552,568813500.0
8562,760184060.0
8563,861461500.0
8564,782572160.0
8566,667916740.0
8573,651953300.0
8576,700861600.0
8580,817996540.0
8587,700163650.0
8599,824573800.0
8608,696457700.0
8612,782280450.0
8616,681015100.0
8622,699207230.0
8641,686851140.0
8646,814435140.0
8647,621165000.0
8648,649280100.0
8649,676296640.0
8657,833315500.0
8664,782572160.0
8668,670872060.0
8669,660679800.0
8676,619952300.0
8681,588267700.0
8686,723409100.0
8695,618772400.0
8703,662196500.0
8704,935611140.0
8710,776284350.0
8712,670795200.0
8717,693295900.0
8725,662196500.0
8739,752526340.0
8744,814435140.0
8754,556072400.0
8770,849652300.0
8773,617306050.0
8776,693295900.0
8781,618037500.0
8782,786818200.0
8783,804593800.0
8787,670795200.0
8788,700163650.0
8798,651953300.0
8801,796417600.0
8805,783693000.0
8807,664452300.0
8808,670795200.0
8810,637336800.0
8813,684820200.0
8834,666914400.0
8853,686447900.0
8861,855972700.0
8884,677854500.0
8890,636490560.0
8899,640173950.0
8900,781273900.0
8912,757488830.0
8914,688144200.0
8927,794491400.0
8930,569975940.0
8937,693295900.0
8939,589693300.0
8940,631723100.0
8942,809996740.0
8955,659694340.0
8961,849652300.0
8969,570439740.0
8970,662196500.0
8973,841535360.0
8977,772851460.0
8979,664452300.0
9000,662196500.0
9002,868238340.0
9009,718036540.0
9017,776241900.0
9031,674583200.0
9040,602875400.0
9049,667820350.0
9050,808546700.0
9051,736932100.0
9073,812939100.0
9074,788684350.0
9077,562690750.0
9082,718359700.0
9084,801356350.0
9089,857809900.0
9096,698785540.0
9097,622756300.0
9111,814435140.0
9116,671780740.0
9132,610765250.0
9141,751647500.0
9143,625664600.0
9146,801356350.0
9150,667950660.0
9151,617990140.0
9154,829107500.0
9159,675255800.0
9162,651953300.0
9181,769724600.0
9187,569975940.0
9189,714966850.0
9190,745727000.0
9192,704270300.0
9194,798764160.0
9199,659048900.0
9200,676296640.0
9205,826104770.0
9206,686447900.0
9212,587241800.0
9213,747645060.0
9218,642022400.0
9225,793669950.0
9230,806303360.0
9240,662196500.0
9241,749190600.0
9248,705480600.0
9249,827452900.0
9255,664409340.0
9262,775698750.0
9264,758995400.0
9266,765421900.0
9267,691064800.0
9270,649519100.0
9294,697387970.0
9303,742384300.0
9306,639286850.0
9308,644909060.0
9317,662473000.0
9326,776751940.0
9348,822156160.0
9353,622648960.0
9367,656811000.0
9369,756433660.0
9372,857809900.0
9376,797714940.0
9381,631723100.0
9392,832344060.0
9394,666249500.0
9399,670795200.0
9406,819459300.0
9408,712223400.0
9413,677854500.0
9419,663619800.0
9420,567973600.0
9421,676296640.0
9426,554458050.0
9428,817317400.0
9433,721043100.0
9436,592211400.0
9440,681015100.0
9443,809776060.0
9446,640173950.0
9451,723278200.0
9459,876897860.0
9466,696381800.0
9467,771465600.0
9470,809042800.0
9473,666249500.0
9478,626020540.0
9479,616236500.0
9493,725979600.0
9498,814435140.0
9508,857809900.0
9511,633301900.0
9516,652691260.0
9521,777379500.0
9524,831253100.0
9527,683980200.0
9529,585120830.0
9530,842288400.0
9534,709256200.0
9535,834396600.0
9545,849652300.0
9546,617055900.0
9555,666914400.0
9559,611844600.0
9564,752526340.0
9566,633277000.0
9569,892466200.0
9587,685622600.0
9591,662013760.0
9602,783693000.0
9604,791723600.0
9606,643765100.0
9610,801356350.0
9612,643765100.0
9614,758452860.0
9618,672980000.0
9621,938862460.0
9626,614203600.0
9633,799483100.0
9635,614327800.0
9637,785734460.0
9652,861461500.0
9657,849652300.0
9664,653259970.0
9668,826067650.0
9670,697387970.0
9680,662196500.0
9683,791322700.0
9686,801466750.0
9687,770114050.0
9689,653170600.0
9690,662674560.0
9694,830505900.0
9709,904925700.0
9711,782572160.0
9718,676020030.0
9723,775346240.0
9724,686425300.0
9725,654809200.0
9727,808563600.0
9737,664452300.0
9740,804591400.0
9743,588267700.0
9744,718993860.0
9746,646364540.0
9748,604384400.0
9761,685346000.0
9762,775346240.0
9766,670795200.0
9767,814435140.0
9771,667950660.0
9778,742889600.0
9787,703492160.0
9789,626907500.0
9799,902133000.0
9807,589623700.0
9808,586052860.0
9816,685346000.0
9822,974229570.0
9823,837471500.0
9831,730977860.0
9833,784169150.0
9838,691064800.0
9841,855972700.0
9842,695895040.0
9843,833315500.0
9849,758521300.0
9850,645949760.0
9854,670795200.0
9855,621618400.0
9864,769893900.0
9883,969837100.0
9901,797714940.0
9903,840037700.0
9904,925679740.0
9910,857809900.0
9915,849652300.0
9917,723779800.0
9923,822433700.0
9928,619590400.0
9934,824791940.0
9943,587089860.0
9946,676296640.0
9949,662196500.0
9955,707433200.0
9956,568404030.0
9959,682878660.0
9960,865811140.0
9969,776647100.0
9974,631365300.0
9980,693295900.0
9991,674939140.0
9994,651953300.0
10001,849652300.0
10004,801356350.0
10014,681015100.0
10022,681015100.0
10027,827452900.0
10028,666914400.0
10029,681015100.0
10043,710534900.0
10048,868238340.0
10054,698375500.0
10056,782572160.0
10063,637957950.0
10067,670075000.0
10075,783476200.0
10081,687152800.0
10085,826952800.0
10099,627703900.0
10101,887472640.0
10107,719530100.0
10110,775621060.0
10111,676296640.0
10121,690123100.0
10123,701460740.0
10125,829429060.0
10127,664452300.0
10131,761966100.0
10144,696391700.0
10146,697387970.0
10150,786560200.0
10166,681015100.0
10170,626020540.0
10175,740499200.0
10178,846828350.0
10184,704494660.0
10196,858219840.0
10197,695186240.0
10200,773709100.0
10204,814435140.0
10211,814127740.0
10218,718717250.0
10239,649280100.0
10241,743712260.0
10246,824294600.0
10247,818516300.0
10249,847281660.0
10255,691064800.0
10266,589808800.0
10267,718046200.0
10278,849652300.0
10282,699406400.0
10286,849652300.0
10289,847281660.0
10290,849652300.0
10307,829617340.0
10308,619595800.0
10335,682700100.0
10347,614363600.0
10354,727647400.0
10357,675553200.0
10360,912661100.0
10368,804201860.0
10383,823528770.0
10384,828247500.0
10391,965295300.0
10397,834239740.0
10403,643765100.0
10406,651953300.0
10420,681015100.0
10426,781970400.0
10427,675583800.0
10430,795093100.0
10440,626907500.0
10445,696381800.0
10454,651827840.0
10459,827020400.0
10467,669798400.0
10468,667354240.0
10486,806791000.0
10487,783728100.0
10490,749111500.0
10500,649280100.0
10501,796417600.0
10508,775316350.0
10509,670795200.0
10515,751139460.0
10530,776241900.0
10531,857809900.0
10557,715150000.0
10559,682194940.0
10569,835446300.0
10572,657287100.0
10573,652598850.0
10578,634427500.0
10579,928584100.0
10603,817776800.0
10605,775346240.0
10609,666637800.0
10610,698249900.0
10611,662196500.0
10616,687744300.0
10617,675294700.0
10624,646558500.0
10639,681015100.0
10641,751139460.0
10642,633058500.0
10645,822156160.0
10656,765812400.0
10665,761794700.0
10666,666653500.0
10673,691064800.0
10675,615263550.0
10677,801286200.0
10680,643379460.0
10684,858281500.0
10689,741544800.0
10703,815008640.0
10710,588830700.0
10711,832457540.0
10726,725473700.0
10727,618772400.0
10729,824331700.0
10730,775346240.0
10738,748096300.0
10751,680738500.0
10753,823772350.0
10762,854451260.0
10763,662836500.0
10765,766076860.0
10774,614327800.0
10776,670790460.0
10791,665612600.0
10792,917270300.0
10799,656916400.0
10822,632707600.0
10824,743712260.0
10830,834007040.0
10831,662196500.0
10834,585678660.0
10836,599931600.0
10837,701460740.0
10859,680482400.0
10867,633301900.0
10870,829617340.0
10877,681015100.0
10882,634728400.0
10883,686447900.0
10888,667426750.0
10902,625543500.0
10903,808047500.0
10904,980232900.0
10908,645776700.0
10912,980128060.0
10914,696560830.0
10917,626396700.0
10918,607914300.0
10922,849652300.0
10937,745727000.0
10951,681015100.0
10963,649280100.0
10964,782572160.0
10966,634493250.0
10969,709466700.0
10972,814435140.0
10977,782572160.0
10983,817654340.0
10994,810450050.0
11004,602875400.0
11007,800801000.0
11008,920539650.0
11009,725473700.0
11010,636120600.0
11013,755725500.0
11015,578941100.0
11018,733692160.0
11025,716975300.0
11029,616602430.0
11038,760096450.0
11039,786818200.0
11044,822737700.0
11045,806791000.0
11057,610148160.0
11063,552330400.0
11070,489891460.0
11077,775346240.0
11079,902394050.0
11084,814435140.0
11086,768887550.0
11087,691064800.0
11092,681015100.0
11099,849652300.0
11110,552330400.0
11120,624048640.0
11122,786632500.0
11124,822156160.0
11129,797814400.0
11141,857809900.0
11150,847281660.0
11158,605257700.0
11161,819753660.0
11167,687523000.0
11170,809159740.0
11177,847986100.0
11184,669342660.0
11186,827489100.0
11191,804593800.0
11195,580093900.0
11199,782572160.0
11228,821801800.0
11230,827365950.0
11240,868238340.0
11242,643379460.0
11243,909454000.0
11247,850320100.0
11278,631625660.0
11284,630583100.0
11287,653399040.0
11297,671034400.0
11298,705950700.0
11302,788967200.0
11312,884148000.0
11325,634728400.0
11326,862799940.0
11332,691117200.0
11335,782572160.0
11339,673040060.0
11342,770959740.0
11343,782747400.0
11359,646691140.0
11361,676296640.0
11362,858219840.0
11381,640124700.0
11391,693295900.0
11397,676020030.0
11398,678072300.0
11399,645869630.0
11400,684256800.0
11404,719032900.0
11408,814435140.0
11410,849652300.0
11415,779462850.0
11421,695188000.0
11429,791818100.0
11442,809250000.0
11446,806303360.0
11462,667154900.0
11474,779816800.0
11479,664452300.0
11483,799077600.0
11487,761141400.0
11494,772864100.0
11495,769724600.0
11496,664452300.0
11497,795203900.0
11505,836350600.0
11511,683661440.0
11513,667820350.0
11528,690109060.0
11542,804032830.0
11544,917515400.0
11549,686139460.0
11551,827489100.0
11555,679954900.0
11556,684910400.0
11560,935404700.0
11566,612112450.0
11571,649280100.0
11573,648306560.0
11582,812174800.0
11584,615042000.0
11587,934413200.0
11588,557408500.0
11593,816967900.0
11599,662196500.0
11603,782572160.0
11606,674682430.0
11607,685622600.0
11617,653399040.0
11620,665049400.0
11622,685547260.0
11627,795093100.0
11636,670795200.0
11638,685346000.0
11640,681015100.0
11643,806796900.0
11647,775346240.0
11648,730466240.0
11657,801965400.0
11658,663783300.0
11664,915690050.0
11669,670075000.0
11672,701460740.0
11678,643765100.0
11679,750442900.0
11685,767803300.0
11687,903715700.0
11701,778029600.0
11708,578100160.0
11712,919890500.0
11718,662196500.0
11724,739825800.0
11725,777379500.0
11730,730977860.0
11746,837205600.0
11753,643765100.0
11756,786632500.0
11759,627545340.0
11761,761683600.0
11768,632527170.0
11770,741544800.0
11773,712790900.0
11780,619913800.0
11781,797714940.0
11789,622648960.0
11792,631723100.0
11810,599560500.0
11815,783693000.0
11816,829617340.0
11819,721446300.0
11828,686139460.0
11829,647130500.0
11831,687246460.0
11833,782572160.0
11834,670075000.0
11836,619913800.0
11840,701460740.0
11841,685799940.0
11853,652679600.0
11857,645776700.0
11862,631902300.0
11874,934750100.0
11882,795281860.0
11883,767573000.0
11898,697387970.0
11900,626183300.0
11904,796647550.0
11907,704585800.0
11922,581313400.0
11923,644857500.0
11942,622820350.0
11954,766076860.0
11957,672039300.0
11965,682194940.0
11968,674405800.0
11970,809235900.0
11973,823431740.0
11981,801356350.0
11988,697387970.0
11989,584953860.0
11991,630583100.0
11997,857809900.0
11999,762641540.0
12000,750442900.0
12010,641689900.0
12025,898278000.0
12040,836542000.0
12042,716975300.0
12048,681015100.0
12051,801356350.0
12057,670075000.0
12058,685346000.0
12059,631723100.0
12062,814127740.0
12079,683710900.0
12082,672479550.0
12087,681015100.0
12093,951738000.0
12098,670795200.0
12099,658913300.0
12108,651953300.0
12116,649888640.0
12122,716500400.0
12135,681015100.0
12137,684256800.0
12157,873539460.0
12159,723295170.0
12165,789017900.0
12167,651953300.0
12179,608889340.0
12188,663858560.0
12193,688676160.0
12198,802200900.0
12200,964331500.0
12203,690065600.0
12206,857809900.0
12209,796647550.0
12215,869991550.0
12223,724098940.0
12224,748143800.0
12247,668128000.0
12251,696457700.0
12255,652691260.0
12279,630583100.0
12283,681015100.0
12286,755869100.0
12290,681015100.0
12293,853848300.0
12300,681015100.0
12302,858009900.0
12309,687401500.0
12325,717634400.0
12334,676296640.0
12341,764945900.0
12353,562723000.0
12354,620848640.0
12359,681435100.0
12365,662196500.0
12370,670795200.0
12389,597020350.0
12393,834573900.0
12396,528586140.0
12397,702211650.0
12401,730327040.0
12410,765176770.0
12411,616926100.0
12438,631868100.0
12443,790917060.0
12449,645137700.0
12457,818516300.0
12458,681015100.0
12463,631692400.0
12473,782572160.0
12478,808563600.0
12491,814435140.0
12495,845400300.0
12502,779443500.0
12505,743712260.0
12517,800365950.0
12528,849652300.0
12530,834007040.0
12533,701460740.0
12535,776065500.0
12544,682194940.0
12546,829617340.0
12548,631206460.0
12552,776090750.0
12556,950129150.0
12565,727160200.0
12577,765656800.0
12595,741544800.0
12603,852153400.0
12610,659694340.0
12611,697387970.0
12616,916968450.0
12626,658913300.0
12632,830005000.0
12634,684256800.0
12641,666249500.0
12644,631723100.0
12645,755842800.0
12649,697387970.0
12664,660139100.0
12665,981581900.0
12673,761966100.0
12692,822307300.0
12695,903821600.0
12698,649825150.0
12704,760807900.0
12705,663029900.0
12707,626020540.0
12710,671968600.0
12719,826581250.0
12722,630733950.0
12723,737709060.0
12728,720854700.0
12731,685518800.0
12738,598658000.0
12744,664339200.0
12749,743911040.0
12765,651953300.0
12768,811941950.0
12769,826581250.0
12772,811941950.0
12777,633301900.0
12778,833315500.0
12792,453390100.0
12799,804593800.0
12803,733695600.0
12812,697387970.0
12814,898176600.0
12821,662196500.0
12825,690113540.0
12833,678671040.0
12836,830234240.0
12845,779984960.0
12846,807236860.0
12857,715232830.0
12863,782280450.0
12864,814435140.0
12867,742787900.0
12871,662196500.0
12873,652272260.0
12903,665854140.0
12928,721043100.0
12932,569795900.0
12934,649724900.0
12935,684685300.0
12956,640945000.0
12968,640173950.0
12970,879628740.0
12972,776284350.0
12973,691115260.0
12976,671780740.0
12980,667031500.0
12982,825180700.0
12987,595810750.0
12989,665857100.0
12998,637048260.0
13003,701460740.0
13009,681015100.0
13010,674317300.0
13017,608688960.0
13023,684256800.0
13025,606172000.0
13027,796647550.0
13036,670075000.0
13041,581855200.0
13050,622648960.0
13051,646896700.0
13060,630583100.0
13061,581549060.0
13064,681015100.0
13070,827452900.0
13073,631758100.0
13075,687523000.0
13077,640427970.0
13081,615386800.0
13087,629327300.0
13092,681015100.0
13093,681015100.0
13110,707214460.0
13115,754233700.0
13116,903715700.0
13128,812686900.0
13131,850320100.0
13132,737917900.0
13147,670075000.0
13155,644371500.0
13169,693295900.0
13187,690113540.0
13188,758452860.0
13193,714966850.0
13195,687523000.0
13198,781944500.0
13201,634427500.0
13204,631723100.0
13205,797873700.0
13209,800908100.0
13211,564669400.0
13218,662674560.0
13219,732712700.0
13222,664427000.0
13225,770805060.0
13238,953981250.0
13240,701460740.0
13247,543784600.0
13263,952665150.0
13265,667897340.0
13274,625744000.0
13278,647911230.0
13286,783693000.0
13289,783596350.0
13296,686425300.0
13307,622648960.0
13310,656170400.0
13312,662196500.0
13315,910861100.0
13318,801424830.0
13319,666492500.0
13324,745562300.0
13329,846707840.0
13335,783693000.0
13342,796306900.0
13344,718993860.0
13350,902133000.0
13351,814435140.0
13360,776241900.0
13370,812939100.0
13371,817333000.0
13377,626907500.0
13382,672222850.0
13392,785847200.0
13411,897786750.0
13414,806559300.0
13419,724609340.0
13420,776695040.0
13421,815044160.0
13425,676296640.0
13427,685622600.0
13441,683960600.0
13450,582517700.0
13451,801356350.0
13458,782572160.0
13461,574804600.0
13466,628080700.0
13476,626396700.0
13485,767573000.0
13494,929155840.0
13497,619848100.0
13508,607704200.0
13515,728810100.0
13522,772762430.0
13523,797860860.0
13530,653172700.0
13531,658024600.0
13532,814435140.0
13545,841030000.0
13548,761392060.0
13555,631723100.0
13557,685799940.0
13561,687523000.0
13563,782572160.0
13566,667316350.0
13567,644290900.0
13570,805328960.0
13574,793562200.0
13576,651507400.0
13587,892768500.0
13589,662196500.0
13590,659694340.0
13604,800801000.0
13606,649280100.0
13608,651953300.0
13609,697387970.0
13636,832583900.0
13639,812939100.0
13645,687246460.0
13651,685622600.0
13659,872645400.0
13663,814435140.0
13671,801356350.0
13675,666492500.0
13676,644909060.0
13679,770476100.0
13690,569975940.0
13700,690113540.0
13708,757488830.0
13713,741369400.0
13714,667950660.0
13721,783693000.0
13744,800801000.0
13745,841473100.0
13748,693530940.0
13749,797814400.0
13755,646719800.0
13758,625446100.0
13764,831770050.0
13766,693295900.0
13770,675583800.0
13774,319999040.0
13780,826581250.0
13784,778477760.0
13786,699993900.0
13793,685346000.0
13796,680738500.0
13800,783693000.0
13806,788967200.0
13813,684256800.0
13821,775662100.0
13822,744871200.0
13837,609406140.0
13839,704158800.0
13847,670795200.0
13850,829617340.0
13852,556224260.0
13860,550203140.0
13861,707214460.0
13865,657997800.0
13867,681015100.0
13874,622402500.0
13877,675104450.0
13890,580621900.0
13896,803306750.0
13914,630583100.0
13930,775727040.0
13933,689223550.0
13944,707044600.0
13949,639286850.0
13955,824656000.0
13971,752718660.0
13975,676296640.0
13978,652347000.0
13980,643344060.0
13983,673316700.0
13997,801356350.0
13999,677854500.0
14014,751139460.0
14025,629777900.0
14028,675627600.0
14029,849409340.0
14033,725473700.0
14036,680707500.0
14045,587089860.0
14049,674859840.0
14063,681015100.0
14070,700710300.0
14078,500018050.0
14080,992517760.0
14081,638751800.0
14089,646959550.0
14098,683980200.0
14101,695018100.0
14102,626907500.0
14104,685622600.0
14108,633440450.0
14110,923171400.0
14111,628183500.0
14115,690529150.0
14117,854451260.0
14126,796570430.0
14131,637969100.0
14133,833315500.0
14134,630458240.0
14137,697387970.0
14144,846828350.0
14149,781663740.0
14153,578624600.0
14155,682194940.0
14160,889358850.0
14162,697387970.0
14164,662196500.0
14167,797814400.0
14176,613381000.0
14184,631723100.0
14198,707214460.0
14202,801356350.0
14210,811623800.0
14211,625252300.0
14220,682290370.0
14225,640416200.0
14229,607902140.0
14232,709256200.0
14236,812336600.0
14240,682103400.0
14247,730977860.0
14252,780982400.0
14253,640650500.0
14256,820792200.0
14262,631723100.0
14264,811941950.0
14273,811886460.0
14274,696381800.0
14278,839642300.0
14279,730352060.0
14289,594095500.0
14290,681015100.0
14292,628886850.0
14295,776191200.0
14296,795469630.0
14301,649280100.0
14304,750442900.0
14311,651953300.0
14315,607258500.0
14316,822438460.0
14336,783693000.0
14338,667426750.0
14345,626907500.0
14351,693019260.0
14354,674702660.0
14360,644339100.0
14361,693530940.0
14363,626029200.0
14367,692392960.0
14373,664452300.0
14374,939335230.0
14377,899629400.0
14379,946233400.0
14393,834296300.0
14397,732712700.0
14411,812939100.0
14414,827489100.0
14419,846341760.0
14422,849652300.0
14426,980128060.0
14427,755869100.0
14430,802308700.0
14437,755725500.0
14441,642392200.0
14443,934160000.0
14444,816090800.0
14446,667154900.0
14450,829617340.0
14456,709256200.0
14457,662196500.0
14471,907120960.0
14484,547990340.0
14485,941921900.0
14504,809037200.0
14508,832344060.0
14509,797543740.0
14510,758499400.0
14512,672479550.0
14519,681015100.0
14523,784889900.0
14524,756497600.0
14527,754939650.0
14528,657347200.0
14529,716399550.0
14535,669184830.0
14548,675969860.0
14553,670075000.0
14554,812939100.0
14555,681015100.0
14573,649308160.0
14577,663619800.0
14590,884723800.0
14594,676296640.0
14598,732921300.0
14610,672479550.0
14617,735569340.0
14622,768735040.0
14626,642022400.0
14632,775346240.0
14645,857809900.0
14650,674453800.0
14654,834573900.0
14658,812889400.0
14659,812174800.0
14665,651953300.0
14678,990499140.0
14680,834023100.0
14684,810639300.0
14689,824735740.0
14695,781932100.0
14698,745562300.0
14699,679168960.0
14701,822156160.0
14709,816664800.0
14720,715530300.0
14723,720531600.0
14727,693295900.0
14747,771759500.0
14748,725940160.0
14762,783693000.0
14764,605518300.0
14767,724609340.0
14774,817333000.0
14778,730710900.0
14780,690113540.0
14793,628886850.0
14797,646959550.0
14799,687523000.0
14809,687523000.0
14812,695850600.0
14817,672479550.0
14821,626907500.0
14833,702642800.0
14834,773213800.0
14835,748398000.0
14836,751598340.0
14851,674453800.0
14853,789944770.0
14854,637336800.0
14858,666653500.0
14860,697387970.0
14865,719032900.0
14871,749703600.0
14878,681015100.0
14881,846828350.0
14883,649280100.0
14886,626907500.0
14887,642584960.0
14895,611780100.0
14899,563717500.0
14907,681015100.0
14910,640124700.0
14911,729846200.0
14915,649242500.0
14917,685622600.0
14925,803305200.0
14927,622648960.0
14935,615263550.0
14936,674453800.0
14954,670795200.0
14955,744036740.0
14962,928584100.0
14963,860864640.0
14965,674682430.0
14969,681015100.0
14974,722751200.0
14984,689223550.0
14987,788010750.0
14992,820935600.0
15005,738892300.0
15008,760308540.0
15011,758499400.0
15016,801356350.0
15018,765480100.0
15020,829679200.0
15021,788625800.0
15022,783693000.0
15029,716536500.0
15032,651953300.0
15043,822156160.0
15049,832267500.0
15050,666196000.0
15051,561971140.0
15057,800980540.0
15060,778520300.0
15063,790917060.0
15067,670988160.0
15070,633698240.0
15071,626660600.0
15091,649280100.0
15098,782280450.0
15104,725473700.0
15113,673746940.0
15115,674453800.0
15119,824331700.0
15121,776284350.0
15130,821989060.0
15131,683980200.0
15138,664452300.0
15150,815989700.0
15151,618963100.0
15154,671780740.0
15159,777259200.0
15160,799933200.0
15167,915848700.0
15170,841473100.0
15174,798764160.0
15179,666249500.0
15183,595810750.0
15186,923205600.0
15187,677854500.0
15190,841606850.0
15208,659694340.0
15219,651953300.0
15224,659694340.0
15225,648306560.0
15229,671343040.0
15230,659694340.0
15247,825099970.0
15253,648427200.0
15281,676296640.0
15282,633932400.0
15288,776875600.0
15296,962197900.0
15310,681015100.0
15316,946233400.0
15319,906456000.0
15323,646772500.0
15324,985168450.0
15330,822156160.0
15331,856752100.0
15333,696529600.0
15353,634728400.0
15360,811560960.0
15373,726800260.0
15375,682878660.0
15381,697387970.0
15390,808522100.0
15396,868238340.0
15400,707570900.0
15411,809898940.0
15421,674453800.0
15429,829617340.0
15433,651893500.0
15434,681015100.0
15465,603639040.0
15479,759038600.0
15480,632527170.0
15487,769938750.0
15496,964331500.0
15503,594618560.0
15507,696806200.0
15513,814127740.0
15526,693295900.0
15531,830505900.0
15544,801356350.0
15545,858219840.0
15546,694202200.0
15557,839408100.0
15576,799219800.0
15584,663029900.0
15585,696457700.0
15590,801356350.0
15594,563717500.0
15597,695850600.0
15598,563717500.0
15600,603639040.0
15619,737917900.0
15628,750177660.0
15629,785489700.0
15632,700163650.0
15638,622648960.0
15640,626217150.0
15645,841820000.0
15660,581313400.0
15672,648497860.0
15676,678340200.0
15677,664175740.0
15682,807659000.0
15686,839642300.0
15700,665885900.0
15708,644691000.0
15711,821801800.0
15721,664452300.0
15723,826936200.0
15725,721344700.0
15729,808436030.0
15735,665885900.0
15738,782572160.0
15739,767573000.0
15760,684600450.0
15766,671780740.0
15771,920970940.0
15773,674177300.0
15774,783343940.0
15776,856995500.0
15782,718388400.0
15790,697387970.0
15799,649280100.0
15837,681015100.0
15840,902133000.0
15843,835567740.0
15845,790917060.0
15849,773942600.0
15857,703995460.0
15863,659912640.0
15864,673316700.0
15878,575780800.0
15879,860864640.0
15883,806542500.0
15895,885796300.0
15900,693295900.0
15902,677854500.0
15909,992517760.0
15910,675619140.0
15917,686395800.0
15924,693237500.0
15925,868238340.0
15933,826952800.0
15935,547990340.0
15939,842584640.0
15942,616148900.0
15948,802660800.0
15951,605289300.0
15957,849652300.0
15958,635078400.0
15960,684600450.0
15995,685622600.0
16000,814435140.0
16001,583689860.0
16009,876647800.0
16031,682194940.0
16032,922692030.0
16041,664452300.0
16042,663067300.0
16044,650392400.0
16049,643744260.0
16051,768844350.0
16056,744054500.0
16057,670795200.0
16058,725473700.0
16061,829617340.0
16067,626020540.0
16070,630583100.0
16073,633301900.0
16086,685517600.0
16100,639248060.0
16104,610765250.0
16111,785519000.0
16120,670795200.0
16121,925430140.0
16125,672479550.0
16129,665643400.0
16135,712223400.0
16148,625446100.0
16178,662196500.0
16186,661028400.0
16190,700023200.0
16192,862799940.0
16193,801356350.0
16204,671034400.0
16213,709037630.0
16215,782280450.0
16218,624860800.0
16220,783639200.0
16223,687523000.0
16230,815566300.0
16231,747958660.0
16232,895965440.0
16236,825399500.0
16246,808563600.0
16266,670795200.0
16273,750442900.0
16289,712941600.0
16293,635964600.0
16297,823918700.0
16298,788717950.0
16301,621618400.0
16302,794105150.0
16303,728810100.0
16315,755869100.0
16327,651953300.0
16330,651953300.0
16337,662196500.0
16339,603877060.0
16344,814794750.0
16350,655267140.0
16352,624656400.0
16353,845400300.0
16357,652679600.0
16363,796306900.0
16367,985168450.0
16376,686425300.0
16377,568404030.0
16387,643765100.0
16397,666249500.0
16398,672311200.0
16399,704612500.0
16403,607902140.0
16404,645567740.0
16410,781101000.0
16426,809201900.0
16435,944267970.0
16437,677854500.0
16448,674726340.0
16454,901020500.0
16465,692407040.0
16468,644691000.0
16477,665311800.0
16481,681498430.0
16483,759272100.0
16493,825127740.0
16500,643369800.0
16508,716547500.0
16510,947944300.0
16514,681015100.0
16518,642519940.0
16524,756149600.0
16525,636790000.0
16526,697387970.0
16537,662473000.0
16540,552873660.0
16556,857809900.0
16561,849652300.0
16562,623730050.0
16568,642523200.0
16570,808315000.0
16571,642523200.0
16577,663619800.0
16588,799902500.0
16589,776430600.0
16604,629805440.0
16605,528407330.0
16606,674453800.0
16608,902133000.0
16609,643765100.0
16614,826581250.0
16615,736932100.0
16618,552330400.0
16621,671780740.0
16624,730977860.0
16641,761966100.0
16648,814127740.0
16650,860864640.0
16659,633397400.0
16665,760899100.0
16667,860763300.0
16682,667426750.0
16685,677031900.0
16689,835446300.0
16690,744135360.0
16698,543784600.0
16709,833023400.0
16711,775316350.0
16714,704337900.0
16717,649280100.0
16721,642376500.0
16727,718993860.0
16732,651953300.0
16735,864487740.0
16746,808315000.0
16751,719032900.0
16761,630306560.0
16764,811941950.0
16765,664190460.0
16781,622648960.0
16787,667419400.0
16794,697003140.0
16798,782572160.0
16815,681015100.0
16821,707214460.0
16825,914803400.0
16841,695186240.0
16846,703046800.0
16850,655267140.0
16851,720766400.0
16859,695188000.0
16861,699608600.0
16864,850320100.0
16878,685622600.0
16885,868238340.0
16886,747047740.0
16887,598658000.0
16908,588267700.0
16918,682700100.0
16924,668236000.0
16929,826952800.0
16935,670694300.0
16937,695850600.0
16953,615540160.0
16961,703442240.0
16964,738802240.0
16981,642584960.0
16988,806796900.0
16989,703442240.0
16993,849652300.0
16996,673426370.0
17009,664674240.0
17010,681015100.0
17019,729105000.0
17033,895965440.0
17044,696457700.0
17045,792634000.0
17057,629327300.0
17058,684600450.0
17062,769472450.0
17064,642118100.0
17073,624048640.0
17077,667820350.0
17090,629163200.0
17091,676296640.0
17101,725687740.0
17107,663029900.0
17113,670795200.0
17114,829617340.0
17118,626020540.0
17124,640468600.0
17133,710149700.0
17137,716316200.0
17140,673426370.0
17155,825099970.0
17163,701723500.0
17172,693530940.0
17178,781273900.0
17180,677463230.0
17187,628693800.0
17191,663397250.0
17199,660971460.0
17205,667709630.0
17212,750177660.0
17214,767573000.0
17221,591031940.0
17224,681015100.0
17234,655905700.0
17236,685622600.0
17240,622648960.0
17256,688946900.0
17266,651953300.0
17270,744036740.0
17271,642717000.0
17273,664175740.0
17274,618292860.0
17276,619848100.0
17290,676296640.0
17300,676296640.0
17305,676296640.0
17309,680054850.0
17312,626217150.0
17316,681015100.0
17323,812821060.0
17324,669798400.0
17331,665203140.0
17336,698249900.0
17337,666653500.0
17339,840037700.0
17343,652642600.0
17344,631101500.0
17354,682194940.0
17362,786589060.0
17363,621441540.0
17371,806597900.0
17379,725473700.0
17383,642027900.0
17385,817026400.0
17386,756651000.0
17387,686447900.0
17396,807207550.0
17401,700163650.0
17411,633301900.0
17431,733201860.0
17435,811941950.0
17438,666861440.0
17440,657729200.0
17442,687744300.0
17445,670075000.0
17446,681015100.0
17449,587089860.0
17451,673635840.0
17452,632144700.0
17456,552330400.0
17460,706331100.0
17465,670757760.0
17471,547107700.0
17482,721043100.0
17485,782572160.0
17486,767542460.0
17490,667523700.0
17491,820958460.0
17493,638179260.0
17495,622596200.0
17499,798533200.0
17525,685346000.0
17526,614327800.0
17531,813246140.0
17540,639446140.0
17542,676020030.0
17543,618989700.0
17547,779614340.0
17548,847281660.0
17550,682821760.0
17558,794152770.0
17562,702099650.0
17565,575789700.0
17579,681015100.0
17581,666249500.0
17584,649280100.0
17601,642392200.0
17602,687401500.0
17603,685346000.0
17605,779614340.0
17616,835622300.0
17619,697762800.0
17633,674238100.0
17636,685622600.0
17642,810284540.0
17651,695279100.0
17654,673316700.0
17659,676734400.0
17661,791818100.0
17670,707125250.0
17679,626907500.0
17681,689166900.0
17686,839642300.0
17688,673426370.0
17695,751598340.0
17706,716536500.0
17711,651893500.0
17713,578165800.0
17717,633423550.0
17721,782239550.0
17724,594466700.0
17728,697387970.0
17730,672479550.0
17733,720966100.0
17737,647491800.0
17738,828832960.0
17740,836196200.0
17742,644371500.0
17749,631723100.0
17750,709121800.0
17751,675553200.0
17753,637336800.0
17755,721446300.0
17759,734069100.0
17764,689732860.0
17767,695850600.0
17771,820935600.0
17772,709942100.0
17778,666472600.0
17781,815044160.0
17786,750551000.0
17788,682103400.0
17796,667031500.0
17800,681015100.0
17803,670075000.0
17806,832996860.0
17808,777379500.0
17814,786589060.0
17823,666249500.0
17832,702356900.0
17836,669619200.0
17845,762038850.0
17846,782280450.0
17852,682768300.0
17868,744054500.0
17876,641587650.0
17884,670795200.0
17889,631692400.0
17897,772227600.0
17898,754939650.0
17899,670075000.0
17906,672479550.0
17917,670075000.0
17918,666398340.0
17922,755706000.0
17932,675703200.0
17934,671343040.0
17939,704292740.0
17940,649280100.0
17953,622336900.0
17955,767573000.0
17962,698785540.0
17967,663851460.0
17974,695188000.0
17978,581463040.0
17983,743645630.0
17986,765176770.0
17988,693530940.0
18000,811941950.0
18004,674453800.0
18005,709256200.0
18006,653387140.0
18007,648816400.0
18008,661436800.0
18012,671342000.0
18014,700163650.0
18016,649280100.0
18017,719060900.0
18022,805165300.0
18026,663858560.0
18031,754939650.0
18032,627250900.0
18033,636039230.0
18038,613178000.0
18047,652679600.0
18052,676296640.0
18059,715232830.0
18062,681015100.0
18068,670075000.0
18074,760340600.0
18076,659694340.0
18081,649280100.0
18086,704158800.0
18087,731433150.0
18094,638274400.0
18095,847281660.0
18100,670795200.0
18102,674453800.0
18119,827821500.0
18120,697387970.0
18125,798124540.0
18128,632527170.0
18140,631101500.0
18143,668556000.0
18149,655676000.0
18158,643765100.0
18173,676296640.0
18180,816247100.0
18191,662196500.0
18203,825320260.0
18204,602622660.0
18212,794586700.0
18214,754740160.0
18215,651953300.0
18224,613228600.0
18234,674453800.0
18235,664175740.0
18251,765176770.0
18255,684025200.0
18257,642651300.0
18262,670795200.0
18264,666861440.0
18267,769938750.0
18274,649280100.0
18286,670795200.0
18288,726218900.0
18289,806542500.0
18312,735259400.0
18313,702675600.0
18315,666914400.0
18321,770114050.0
18323,664452300.0
