id,valor_total_avaluo
2,121064790.0
9,63421590.0
16,111043336.0
25,461948030.0
30,127016856.0
31,110759190.0
32,652695200.0
33,634059650.0
36,273583140.0
39,361481500.0
41,87989340.0
44,113614424.0
49,149489250.0
51,137509660.0
52,137785760.0
60,94351330.0
62,93100490.0
65,76757090.0
67,573328300.0
73,462699100.0
79,845757700.0
82,81681464.0
99,128070370.0
103,248712260.0
108,292260670.0
109,111658536.0
110,206353730.0
112,158920210.0
114,191592500.0
115,366125100.0
116,235309490.0
121,65653160.0
123,58394400.0
124,70519390.0
128,604532400.0
134,416493730.0
135,98522696.0
139,135073760.0
143,107337320.0
156,75600230.0
160,116237200.0
164,63359300.0
178,277838460.0
180,172158220.0
181,119124540.0
183,229919970.0
187,312001400.0
188,139986320.0
189,104221270.0
191,215983660.0
203,109603090.0
210,108629450.0
211,102407420.0
213,214421360.0
214,147677250.0
224,224529250.0
227,666403000.0
230,97686510.0
231,390397340.0
233,80891336.0
236,236749920.0
238,342514430.0
239,94260260.0
243,139925390.0
253,153977100.0
254,97569016.0
260,408397000.0
263,374024600.0
266,225660560.0
268,1013596350.0
271,149701150.0
274,717379650.0
281,69873980.0
285,100232160.0
287,108554460.0
291,213784590.0
292,251345140.0
296,58284624.0
299,271935140.0
308,265244980.0
311,586962500.0
317,310602000.0
319,233488140.0
321,94507520.0
330,247303230.0
335,112633630.0
343,73096024.0
346,204354600.0
349,239030050.0
355,88352670.0
359,292098530.0
364,594721600.0
367,167704640.0
368,101595730.0
373,760406200.0
376,142571550.0
377,807343000.0
382,128430296.0
391,492114240.0
395,273272480.0
396,567232640.0
399,228988510.0
402,118893256.0
406,338845440.0
410,73202520.0
413,95117120.0
420,452597340.0
421,160211170.0
422,541119700.0
431,373628830.0
435,492485700.0
439,208237020.0
442,80516216.0
444,84118980.0
446,164121170.0
451,180017300.0
460,255486720.0
466,164117890.0
470,478914530.0
473,233766800.0
476,361861470.0
477,116553840.0
481,68941750.0
501,221380690.0
503,76036370.0
504,83637500.0
505,78596700.0
508,275638080.0
512,185778430.0
514,83673496.0
521,218386110.0
522,534586780.0
523,57537092.0
525,79242350.0
530,209752700.0
534,127640250.0
541,128430980.0
542,139921820.0
543,366334820.0
552,104774480.0
554,109246290.0
555,73834616.0
558,279200770.0
564,152865330.0
565,331425380.0
566,360615700.0
568,492979940.0
569,421138900.0
573,113239544.0
581,93883530.0
584,139694220.0
587,156658020.0
607,127530264.0
609,133872430.0
611,131962360.0
615,135043200.0
619,261055410.0
623,416287070.0
627,208710060.0
628,119685440.0
635,173268820.0
639,86133736.0
641,76449496.0
642,136060930.0
646,694860740.0
649,67097664.0
653,697914600.0
656,513285500.0
657,521983070.0
665,289098780.0
666,159281400.0
671,190940420.0
674,114444000.0
677,854071200.0
682,470931230.0
687,892565900.0
690,182051260.0
693,170399140.0
695,139122240.0
703,309267170.0
704,144331870.0
705,362268670.0
713,65692124.0
717,282205300.0
725,130486070.0
729,149331920.0
734,902599940.0
739,84909530.0
750,259454800.0
754,252960690.0
757,119515750.0
758,77624280.0
760,198640080.0
761,170976020.0
763,282171170.0
764,101307230.0
765,183122740.0
768,137741380.0
771,174828130.0
777,121355224.0
779,77030530.0
786,411375520.0
787,138938110.0
790,583986300.0
792,90905860.0
794,118491230.0
795,67455090.0
797,157418000.0
798,242335440.0
800,514993820.0
802,528786880.0
806,132401350.0
810,70065144.0
812,203101630.0
813,256321500.0
817,252802600.0
822,444048130.0
826,93830530.0
841,165333500.0
852,98589520.0
854,118094990.0
860,149869820.0
864,233825580.0
865,211265010.0
868,99541620.0
875,120159100.0
882,163656400.0
883,228948180.0
884,206098820.0
885,167391100.0
891,522496300.0
892,170854720.0
897,197853550.0
902,108060424.0
910,147110900.0
911,79406170.0
913,81465310.0
918,76424264.0
920,336283260.0
923,208678030.0
926,442074180.0
937,232890190.0
939,76017780.0
940,655412160.0
941,84361230.0
946,259561780.0
960,137346980.0
962,49154850.0
965,179836700.0
970,100077660.0
971,65177290.0
976,144251100.0
980,62859476.0
981,75344300.0
982,914823700.0
991,349407460.0
992,349650880.0
994,131097190.0
995,208951490.0
999,155017250.0
1001,133872520.0
1006,145234290.0
1008,114806250.0
1010,94138180.0
1011,501715520.0
1012,66125724.0
1013,128487140.0
1019,64268740.0
1023,93868480.0
1024,84365340.0
1025,246866080.0
1028,146965730.0
1033,164240620.0
1036,171498780.0
1037,352291780.0
1039,212481820.0
1041,187983570.0
1053,154614030.0
1059,714067500.0
1061,219553300.0
1062,57475990.0
1063,74950504.0
1064,161880420.0
1073,644560640.0
1074,343531100.0
1076,323772740.0
1079,103875320.0
1081,87902184.0
1085,49772940.0
1086,69733816.0
1087,231728180.0
1090,146935340.0
1095,202053550.0
1098,176793310.0
1099,126272160.0
1103,187206130.0
1104,773894100.0
1106,285779620.0
1107,579413100.0
1108,368349980.0
1114,76677600.0
1115,171232100.0
1121,364291650.0
1124,213705310.0
1126,432472640.0
1132,97404696.0
1141,234370420.0
1144,277544900.0
1145,198550050.0
1148,92393590.0
1153,37051456.0
1155,111422000.0
1160,548883700.0
1172,134197980.0
1174,123430390.0
1176,781565250.0
1177,153338770.0
1182,196010030.0
1188,188486750.0
1193,860579400.0
1198,179357280.0
1200,384665400.0
1205,661340800.0
1217,168214000.0
1220,299645440.0
1223,94752150.0
1224,202983120.0
1227,774887100.0
1253,277996350.0
1254,226072720.0
1258,203421070.0
1262,122262456.0
1264,164350610.0
1277,262092260.0
1278,102922180.0
1282,96497784.0
1284,59392556.0
1286,199951840.0
1291,75298820.0
1293,820881660.0
1294,70539860.0
1296,189757230.0
1297,238691660.0
1298,233243860.0
1302,304359780.0
1303,171279280.0
1304,76804660.0
1305,192049740.0
1315,202615520.0
1318,160621440.0
1321,86966020.0
1323,82906000.0
1326,72919870.0
1327,181989740.0
1329,80376740.0
1330,246193540.0
1336,171049730.0
1343,503138560.0
1346,134407340.0
1359,263507420.0
1362,71805230.0
1363,217329340.0
1364,269723780.0
1367,212698370.0
1371,93797190.0
1372,330359520.0
1375,334767140.0
1379,525395500.0
1380,160365570.0
1381,90406330.0
1393,643924300.0
1398,315855970.0
1400,80867710.0
1402,266571660.0
1404,414458600.0
1406,127250860.0
1412,448687840.0
1416,170391890.0
1422,246737040.0
1425,144335300.0
1427,252199970.0
1428,271247970.0
1432,151551400.0
1433,319229200.0
1439,179249330.0
1441,300953150.0
1442,200563760.0
1450,108538910.0
1451,326386270.0
1455,97623300.0
1462,307192670.0
1466,130245064.0
1467,112993176.0
1472,138520450.0
1479,536532700.0
1480,896172740.0
1485,372190900.0
1487,257079140.0
1492,98308000.0
1493,382665470.0
1494,44078710.0
1496,219157200.0
1497,273826980.0
1498,715477950.0
1503,682445100.0
1506,151388240.0
1510,84283360.0
1511,496660100.0
1516,187087090.0
1517,240276620.0
1523,110347784.0
1527,63445244.0
1536,431873340.0
1537,215235680.0
1539,80693910.0
1545,333330370.0
1547,304060480.0
1550,115582700.0
1557,483692830.0
1562,53329644.0
1568,266203870.0
1571,111244510.0
1581,70065144.0
1597,151519070.0
1598,98945390.0
1600,318790600.0
1606,314012500.0
1609,84554664.0
1611,361584220.0
1613,273901800.0
1617,425794100.0
1620,252925390.0
1622,91016110.0
1624,97919590.0
1630,203374960.0
1631,90169620.0
1633,306496420.0
1642,442705100.0
1645,178260160.0
1648,208488960.0
1649,143453300.0
1650,187488210.0
1666,127591750.0
1668,204656100.0
1669,142049940.0
1671,125985960.0
1673,154831340.0
1674,239849730.0
1676,798627300.0
1682,185057970.0
1685,259307540.0
1686,80136570.0
1691,350114850.0
1696,511934270.0
1703,356031140.0
1704,848381200.0
1706,111382940.0
1713,109606100.0
1716,336660450.0
1718,142912380.0
1721,105181150.0
1723,273005500.0
1725,105560530.0
1726,77745440.0
1729,151655870.0
1733,202531800.0
1754,443305100.0
1755,84539410.0
1757,235262480.0
1768,90054600.0
1771,125087250.0
1776,144706720.0
1778,362741500.0
1782,177602130.0
1784,56017184.0
1786,218727620.0
1792,284021000.0
1794,129370536.0
1796,60175004.0
1799,218257550.0
1802,116500190.0
1806,487645760.0
1807,119529220.0
1811,225767900.0
1817,131995160.0
1818,141880130.0
1823,172988480.0
1827,146741740.0
1830,161582660.0
1835,438509470.0
1837,106984300.0
1840,113774850.0
1846,202103710.0
1854,181045300.0
1857,267558640.0
1859,100195900.0
1869,86150710.0
1873,273166530.0
1875,91407580.0
1884,591201340.0
1894,145151170.0
1900,157208060.0
1908,555226430.0
1920,113236680.0
1923,763870460.0
1927,297835200.0
1929,164199250.0
1930,195612860.0
1935,91358760.0
1937,689901400.0
1940,855595200.0
1942,106472120.0
1946,139689070.0
1954,427307260.0
1956,160286270.0
1957,283959070.0
1962,476656900.0
1969,131674410.0
1974,284993440.0
1977,153145780.0
1979,245513940.0
1980,187975380.0
1997,224112590.0
2011,274499070.0
2013,59202852.0
2015,239313780.0
2020,319043780.0
2021,208451490.0
2023,273924770.0
2024,162305800.0
2027,239706600.0
2031,266904830.0
2036,121771130.0
2037,122144280.0
2040,120825970.0
2043,244136340.0
2049,77418520.0
2052,184064820.0
2056,211125470.0
2057,172332910.0
2062,278603650.0
2064,232731020.0
2067,195725890.0
2068,702653060.0
2070,147517600.0
2072,307989100.0
2075,187294400.0
2076,244172560.0
2079,53613012.0
2082,853547200.0
2083,95424910.0
2088,239276830.0
2095,99075990.0
2096,69832540.0
2102,139731000.0
2104,516673000.0
2107,716743940.0
2113,267844370.0
2115,128484840.0
2116,187386370.0
2124,362338460.0
2128,337210340.0
2131,165729010.0
2145,147236200.0
2146,224445230.0
2148,249910610.0
2149,184900210.0
2151,104574680.0
2155,154065950.0
2157,629159000.0
2159,189967900.0
2160,288920260.0
2162,153576160.0
2165,173834500.0
2166,236917140.0
2169,49772940.0
2172,101075170.0
2174,382292480.0
2178,341433820.0
2179,61712870.0
2180,194642560.0
2184,213542030.0
2188,418296670.0
2195,256629400.0
2197,327890100.0
2200,245354050.0
2201,200755840.0
2205,195473820.0
2210,357784200.0
2212,125519090.0
2214,87899944.0
2215,171764860.0
2216,144113600.0
2217,792767000.0
2219,204518700.0
2223,185418560.0
2233,166811570.0
2239,255502770.0
2241,181198990.0
2245,189295420.0
2253,302875400.0
2254,171229260.0
2258,391094750.0
2274,245651680.0
2276,80983930.0
2278,92273330.0
2283,439515970.0
2288,141792380.0
2294,164686700.0
2302,252711790.0
2306,150133040.0
2308,693601300.0
2309,114913310.0
2317,125243760.0
2319,114376880.0
2322,271515550.0
2329,280577540.0
2330,98050370.0
2332,134848780.0
2334,234813980.0
2335,101828270.0
2337,241444700.0
2340,150717630.0
2341,193349540.0
2344,156402430.0
2346,74019550.0
2352,88072104.0
2353,179497120.0
2354,303924600.0
2360,245485180.0
2361,149321580.0
2364,311176740.0
2366,190986660.0
2373,119433650.0
2374,78649880.0
2375,349405730.0
2387,77395610.0
2390,210440220.0
2393,297817300.0
2399,156359500.0
2404,188738580.0
2407,140698930.0
2408,152641940.0
2410,192344830.0
2424,120144776.0
2426,150672320.0
2444,237373020.0
2446,513265380.0
2449,99990110.0
2452,153664220.0
2453,184998820.0
2454,226967920.0
2457,142272500.0
2461,88718460.0
2468,712808000.0
2472,87432620.0
2474,199145650.0
2477,104381576.0
2484,330370800.0
2488,135055330.0
2492,62672212.0
2499,139974610.0
2505,134821940.0
2508,246621440.0
2512,122862790.0
2515,82428790.0
2517,254857710.0
2533,195091470.0
2535,157776600.0
2537,122095480.0
2540,84282460.0
2541,177049150.0
2545,132111730.0
2547,213484210.0
2549,395066300.0
2556,209387310.0
2559,105943336.0
2560,115407270.0
2563,885325500.0
2565,154406370.0
2572,865749250.0
2574,190432510.0
2576,961800800.0
2579,129321210.0
2580,268295150.0
2581,755570700.0
2583,253539680.0
2591,164362080.0
2594,397651740.0
2595,92077480.0
2596,145679150.0
2598,113350570.0
2603,319732300.0
2604,277373820.0
2605,426624420.0
2606,522137100.0
2607,152591740.0
2610,118064456.0
2611,101530600.0
2613,167985900.0
2616,163790020.0
2618,85548264.0
2627,146814640.0
2629,346706940.0
2633,209926500.0
2634,231549340.0
2640,275557760.0
2648,166794540.0
2649,162568020.0
2650,190219760.0
2652,509717700.0
2654,380616640.0
2655,342307040.0
2656,157758940.0
2659,108881240.0
2661,159435380.0
2663,143073340.0
2664,225743920.0
2667,80865390.0
2672,119239980.0
2674,137471410.0
2677,104190440.0
2679,63524068.0
2684,304586600.0
2686,163806690.0
2688,439441150.0
2691,292009860.0
2692,884650200.0
2693,181226400.0
2694,191403840.0
2700,508854270.0
2701,239667150.0
2706,71743150.0
2707,181389280.0
2710,300020100.0
2711,232593180.0
2712,136524500.0
2717,63697004.0
2718,203232940.0
2720,77421590.0
2725,278193100.0
2727,313503650.0
2728,110249304.0
2729,317471360.0
2733,95373496.0
2736,386423200.0
2738,462063870.0
2741,231380500.0
2742,506800450.0
2743,101572104.0
2753,268131140.0
2755,294016480.0
2757,250507600.0
2759,70867170.0
2764,116199784.0
2766,126240220.0
2767,628537100.0
2768,134682220.0
2770,246145100.0
2772,394912740.0
2773,210344240.0
2774,408444260.0
2779,133412024.0
2780,171499860.0
2781,656023700.0
2785,152406080.0
2787,486184060.0
2788,169217310.0
2789,128442744.0
2791,131624424.0
2793,69404250.0
2794,188753260.0
2796,210323460.0
2802,131146790.0
2823,181175780.0
2825,310728930.0
2826,117515176.0
2827,154854180.0
2835,188325780.0
2837,743038140.0
2844,229582050.0
2846,225583410.0
2850,233024930.0
2852,291740860.0
2860,160226510.0
2861,216712960.0
2866,220908200.0
2867,84549330.0
2872,142969620.0
2877,198426620.0
2884,712073000.0
2885,455064130.0
2888,263019330.0
2891,213397520.0
2892,190971380.0
2897,180755920.0
2902,368782880.0
2911,239094240.0
2913,127884800.0
2914,131645460.0
2915,373803460.0
2916,469994270.0
2917,137459550.0
2918,224084110.0
2920,107282536.0
2924,249961010.0
2930,86115920.0
2935,249373810.0
2942,168255440.0
2945,476206240.0
2949,160813260.0
2953,115094740.0
2956,85133400.0
2959,139465200.0
2960,141262720.0
2962,279230240.0
2964,68240936.0
2967,195028580.0
2971,482198270.0
2972,71068730.0
2977,105878870.0
2985,218081680.0
2986,179127000.0
2987,901888100.0
2990,311083870.0
2996,243652210.0
3000,134462290.0
3001,119031570.0
3003,332231070.0
3012,521547170.0
3015,555872400.0
3016,140046770.0
3039,133338230.0
3044,331231000.0
3045,94269370.0
3046,78996990.0
3050,146238430.0
3051,162452030.0
3053,361001400.0
3056,90708760.0
3058,203506580.0
3065,232123260.0
3067,133118980.0
3074,68240936.0
3076,161249340.0
3079,133941544.0
3082,754398400.0
3086,194805900.0
3093,199413860.0
3102,218749840.0
3107,158608320.0
3108,422750140.0
3110,254809100.0
3111,83199290.0
3115,286026700.0
3116,80734190.0
3117,110733130.0
3120,194505580.0
3122,257677580.0
3127,318764580.0
3129,85136376.0
3130,134313660.0
3134,160545540.0
3135,149668460.0
3136,174160140.0
3137,134299600.0
3139,138650130.0
3140,126356790.0
3143,382471140.0
3145,162604770.0
3146,291543360.0
3149,378413150.0
3150,127766180.0
3152,240272400.0
3161,345252220.0
3162,209574500.0
3167,654931400.0
3168,320985150.0
3172,295404130.0
3179,104698630.0
3181,103551050.0
3182,167349840.0
3183,251276020.0
3187,202783330.0
3192,359933250.0
3193,198374430.0
3201,196022930.0
3203,316557860.0
3206,156972830.0
3210,84381940.0
3211,140229580.0
3217,395687170.0
3218,99011440.0
3220,645786700.0
3222,252961380.0
3225,103707300.0
3243,690858000.0
3246,222380160.0
3247,108185750.0
3248,303159650.0
3252,152158600.0
3253,593307800.0
3254,241517340.0
3256,182059540.0
3257,157385400.0
3261,556393400.0
3263,292736700.0
3266,263839620.0
3268,178866610.0
3272,83918160.0
3274,117631030.0
3275,365018880.0
3279,189286130.0
3282,345408860.0
3286,196240480.0
3287,150454270.0
3292,180271730.0
3296,652557100.0
3300,106361330.0
3301,269198270.0
3303,183070980.0
3315,191822000.0
3317,184706100.0
3321,457120580.0
3323,91924900.0
3326,156425340.0
3327,121669304.0
3329,187160960.0
3331,307455840.0
3333,390413340.0
3335,415182080.0
3340,249284910.0
3347,519477400.0
3349,89514376.0
3354,145236220.0
3355,395189470.0
3359,337490340.0
3363,130636930.0
3367,277254620.0
3370,195554080.0
3371,508475400.0
3375,206333600.0
3377,481099780.0
3379,226848450.0
3380,285297540.0
3382,199742320.0
3383,58639696.0
3384,186229600.0
3385,236427580.0
3387,181500530.0
3388,221781800.0
3392,77086000.0
3393,364925220.0
3394,231066960.0
3396,84153384.0
3397,251058780.0
3401,103092600.0
3403,169151260.0
3405,638908350.0
3411,261259440.0
3412,272938270.0
3413,175297300.0
3415,144000300.0
3426,115596264.0
3427,188500370.0
3429,168742720.0
3431,433918750.0
3432,175446160.0
3441,146120700.0
3442,151519520.0
3450,272951200.0
3456,271475200.0
3458,247863470.0
3464,142490700.0
3473,111259704.0
3477,142003070.0
3480,178023710.0
3481,95631480.0
3482,379719230.0
3485,277240000.0
3486,211978720.0
3487,188663330.0
3488,190108130.0
3490,264904530.0
3491,320437540.0
3496,246600290.0
3499,636494400.0
3505,286709020.0
3509,88312600.0
3511,121845896.0
3514,691115970.0
3518,96094450.0
3519,289548700.0
3522,401668320.0
3523,161980820.0
3526,503114850.0
3527,437736800.0
3528,879073700.0
3529,367056580.0
3532,123413144.0
3537,145518100.0
3540,113294264.0
3543,648827600.0
3544,91706920.0
3546,88060664.0
3547,280010000.0
3549,101641150.0
3553,104563656.0
3556,311095200.0
3564,187796400.0
3570,307790800.0
3572,228818770.0
3577,180883090.0
3586,496516670.0
3596,218857600.0
3600,129591464.0
3601,252351400.0
3604,173239380.0
3607,96840584.0
3621,243610690.0
3623,76424620.0
3626,131502970.0
3628,154779550.0
3631,296469100.0
3635,673925060.0
3636,187632700.0
3637,244531820.0
3644,159896600.0
3647,73421660.0
3648,108967740.0
3652,293824220.0
3654,183331650.0
3658,158331730.0
3661,184375840.0
3663,122447520.0
3664,431979780.0
3671,213066370.0
3679,585496450.0
3681,314402270.0
3685,167996060.0
3686,351798180.0
3689,155907890.0
3692,85511680.0
3696,93555500.0
3702,225017660.0
3704,98958380.0
3706,821141440.0
3707,391667600.0
3710,158888860.0
3713,82610630.0
3715,372810780.0
3717,295917570.0
3720,124929260.0
3721,170620560.0
3722,140760370.0
3724,159092160.0
3729,349663170.0
3731,265836740.0
3732,570832000.0
3735,159122030.0
3737,438854000.0
3739,134885040.0
3746,132929240.0
3755,353350080.0
3762,254149180.0
3763,142251250.0
3767,79056490.0
3769,47438920.0
3771,169486180.0
3773,206461660.0
3776,96185520.0
3779,149277710.0
3780,360894750.0
3781,302926560.0
3782,202581460.0
3783,130319870.0
3784,254071420.0
3787,176779630.0
3793,350144580.0
3797,292936640.0
3798,200529920.0
3799,154723840.0
3800,210399150.0
3802,152194450.0
3806,153362030.0
3807,87865980.0
3808,142964910.0
3811,148921090.0
3814,100243240.0
3816,471585500.0
3817,196926260.0
3820,172007900.0
3822,396172260.0
3825,118644620.0
3826,96381010.0
3839,770797060.0
3842,212328530.0
3843,230845230.0
3844,128590030.0
3850,182067890.0
3851,120496664.0
3855,243725170.0
3856,775048500.0
3865,149506670.0
3869,190595890.0
3871,369607550.0
3875,445290940.0
3876,644192700.0
3878,168162830.0
3882,483570720.0
3887,127324590.0
3889,209694100.0
3902,207212020.0
3903,144825140.0
3906,195265500.0
3909,266811470.0
3914,214141540.0
3918,93471790.0
3921,495557950.0
3926,156273890.0
3930,174180640.0
3932,208018830.0
3937,271633600.0
3945,137151580.0
3946,385116540.0
3951,172897740.0
3954,149410660.0
3957,153263420.0
3959,154071000.0
3960,155147760.0
3962,124428550.0
3967,251735630.0
3969,115084730.0
3971,272329250.0
3976,177193840.0
3980,257490660.0
3981,155884050.0
3984,272688860.0
3989,254570060.0
3991,327674400.0
3994,192703120.0
3995,215314960.0
3999,102692220.0
4002,104535560.0
4014,88483330.0
4017,119113100.0
4021,382446500.0
4022,273341400.0
4039,137633090.0
4041,119819580.0
4042,122836490.0
4043,63362308.0
4045,103960400.0
4047,565526700.0
4050,281408900.0
4051,219527620.0
4053,272385380.0
4056,389051140.0
4057,184688850.0
4058,233415710.0
4065,241808270.0
4068,602984100.0
4069,69404250.0
4071,86969740.0
4073,164139570.0
4075,284120450.0
4080,165425860.0
4081,255056830.0
4083,741704500.0
4085,403196860.0
4086,246174940.0
4088,325085540.0
4097,64486508.0
4099,314054400.0
4100,201862910.0
4107,83486376.0
4111,318095680.0
4113,636363100.0
4114,800306750.0
4115,278520900.0
4116,275994600.0
4118,78828560.0
4119,85682856.0
4134,110901020.0
4136,87040050.0
4142,94493390.0
4144,375091360.0
4153,241670610.0
4154,148398690.0
4158,168222980.0
4161,664211100.0
4164,108267380.0
4165,170956690.0
4169,157112940.0
4171,166118060.0
4174,140535180.0
4177,238587800.0
4180,321534750.0
4185,168150580.0
4186,109220880.0
4188,80841230.0
4189,151770380.0
4191,113786700.0
4193,155380720.0
4195,65277532.0
4202,929619840.0
4209,287267970.0
4212,441436380.0
4215,121482160.0
4216,243479900.0
4218,310202850.0
4228,90403860.0
4229,141321800.0
4231,112917830.0
4234,151476980.0
4238,230410610.0
4241,162588080.0
4245,76468000.0
4250,237636000.0
4251,381682270.0
4254,349524060.0
4256,193642980.0
4259,95709944.0
4269,458811550.0
4270,158109550.0
4288,199452370.0
4292,288670660.0
4294,213966610.0
4297,113616100.0
4299,98536730.0
4307,309709000.0
4309,106079180.0
4317,329462180.0
4318,114021630.0
4321,462674400.0
4322,102065430.0
4327,275643360.0
4328,122849150.0
4334,124504904.0
4335,182392540.0
4347,177093120.0
4348,322184600.0
4349,64600784.0
4350,62206440.0
4354,195157520.0
4356,215229840.0
4360,661603140.0
4362,135707520.0
4366,253658860.0
4368,153814030.0
4370,241443460.0
4376,91894480.0
4378,143329460.0
4382,239728100.0
4391,357707500.0
4393,161044700.0
4395,139826400.0
4399,126902824.0
4401,569645000.0
4413,233756260.0
4418,76039520.0
4420,76632024.0
4424,149351380.0
4433,216413820.0
4435,378117280.0
4440,527694000.0
4442,694188100.0
4444,384079580.0
4446,86908430.0
4447,298635200.0
4450,210527070.0
4455,177030770.0
4465,241696320.0
4467,132673700.0
4468,423562620.0
4469,153860210.0
4476,87949900.0
4478,245555220.0
4481,163788580.0
4482,315696400.0
4491,221781280.0
4494,835040000.0
4495,181070220.0
4496,219921150.0
4503,310339650.0
4506,98333290.0
4508,427830050.0
4509,131080380.0
4515,196063200.0
4518,818203400.0
4519,288931000.0
4522,747164740.0
4526,267198690.0
4529,310676130.0
4530,157823300.0
4533,85266140.0
4534,778719900.0
4536,179581520.0
4537,207920110.0
4538,358632580.0
4539,227810110.0
4544,131437370.0
4547,72572520.0
4548,528170660.0
4553,45278104.0
4555,250953470.0
4556,625869500.0
4559,94561736.0
4561,204637330.0
4563,214071570.0
4570,147947680.0
4572,60022090.0
4578,74668330.0
4584,112119990.0
4586,88806824.0
4587,197141500.0
4595,245912590.0
4597,212423340.0
4599,158262990.0
4600,261303500.0
4601,349834430.0
4606,194925250.0
4630,139531950.0
4633,137983630.0
4637,181773230.0
4639,93250060.0
4642,251217570.0
4643,80867710.0
4644,202555840.0
4650,332717400.0
4651,354242100.0
4655,690866240.0
4658,418681600.0
4660,256249280.0
4667,99256104.0
4670,273173150.0
4671,362753800.0
4672,355352900.0
4673,75459120.0
4675,76857300.0
4679,131276024.0
4682,98558590.0
4688,459966530.0
4690,204366270.0
4691,140178110.0
4692,90846750.0
4700,521422050.0
4715,673078300.0
4716,273976300.0
4719,260560910.0
4725,156444080.0
4728,503743420.0
4729,127908540.0
4736,121213450.0
4739,161742750.0
4740,85160930.0
4741,183561950.0
4747,86074184.0
4751,377246430.0
4752,146938000.0
4762,174960300.0
4764,442517060.0
4765,214340900.0
4767,97014500.0
4769,86307890.0
4772,145960720.0
4774,285691800.0
4776,105505896.0
4781,155848060.0
4784,227976530.0
4785,321634140.0
4786,136577900.0
4788,200673980.0
4789,295832130.0
4794,557174100.0
4801,931466500.0
4802,794004100.0
4805,81970910.0
4806,124639100.0
4810,146455040.0
4815,137117740.0
4822,131208370.0
4824,158952320.0
4825,206207410.0
4829,111997370.0
4833,199233380.0
4839,307877060.0
4856,452251600.0
4864,451510200.0
4866,560912060.0
4887,127456264.0
4888,144774670.0
4889,329885300.0
4890,264410910.0
4891,362988060.0
4892,185958660.0
4896,194388960.0
4897,402121730.0
4898,76039520.0
4899,433492500.0
4901,187127940.0
4904,175134080.0
4909,384552930.0
4912,283223500.0
4916,104785740.0
4922,99970390.0
4923,215668030.0
4926,129683420.0
4927,249826340.0
4929,924959300.0
4930,101454490.0
4932,297926660.0
4933,117628056.0
4935,745253100.0
4940,213516800.0
4945,85960024.0
4950,529422900.0
4956,99630990.0
4962,134162440.0
4966,161634740.0
4970,206802460.0
4975,429569570.0
4981,144899790.0
4984,496085700.0
4989,95458010.0
4990,331559800.0
4993,185694270.0
4995,202954600.0
4998,154090780.0
5006,92731110.0
5008,220471410.0
5010,471010940.0
5015,249881120.0
5018,176309810.0
5019,341633150.0
5022,139916340.0
5026,93036440.0
5027,154527070.0
5028,243731300.0
5030,115306190.0
5031,240723540.0
5034,239647400.0
5041,857917100.0
5043,181549470.0
5044,113726550.0
5046,890577340.0
5048,226617280.0
5049,302483740.0
5057,128699096.0
5060,147554830.0
5062,100689090.0
5066,112961720.0
5073,79575256.0
5074,99326800.0
5082,456077950.0
5083,380538100.0
5084,125030430.0
5093,209069100.0
5095,295905200.0
5099,234673230.0
5102,235715300.0
5105,192043550.0
5108,209069100.0
5111,209069100.0
5114,211369330.0
5116,240877740.0
5123,308278880.0
5124,211369330.0
5128,97954296.0
5130,225240500.0
5132,363377150.0
5134,222047900.0
5135,160229460.0
5136,254475300.0
5143,122317480.0
5144,90947864.0
5151,133837340.0
5152,622197900.0
5157,90971660.0
5161,90362424.0
5166,132368200.0
5170,120656160.0
5173,108795890.0
5178,166686260.0
5180,504801570.0
5183,74191590.0
5192,79682800.0
5198,140581540.0
5212,74039280.0
5213,165131330.0
5219,127706030.0
5220,240877800.0
5222,74093016.0
5234,96719750.0
5238,165312420.0
5239,316898720.0
5241,211485490.0
5247,454292930.0
5251,210376960.0
5252,390596830.0
5253,100205704.0
5255,301912260.0
5256,135130580.0
5259,630168640.0
5261,158027230.0
5263,226845360.0
5264,412989730.0
5267,98667064.0
5268,210522690.0
5272,347486400.0
5274,221482820.0
5275,245005650.0
5283,183802910.0
5291,204065330.0
5294,656125700.0
5302,172414240.0
5304,102182420.0
5306,140940420.0
5316,175925100.0
5319,315669820.0
5321,257280510.0
5326,720645440.0
5327,258812690.0
5332,87052680.0
5334,202774420.0
5338,45218224.0
5339,604407740.0
5340,330384600.0
5343,140152820.0
5344,446580860.0
5352,87163976.0
5354,163149310.0
5356,366559580.0
5359,167753810.0
5360,204159870.0
5363,285252060.0
5366,62000080.0
5368,101451656.0
5370,129952020.0
5374,237899920.0
5377,106178950.0
5383,136017900.0
5384,847918140.0
5386,98799930.0
5387,134226340.0
5391,165963180.0
5393,583277760.0
5398,688928700.0
5399,249213460.0
5400,149225070.0
5403,488979680.0
5406,53389016.0
5407,123198296.0
5419,349505800.0
5424,225065650.0
5425,160563410.0
5427,155919840.0
5429,118772580.0
5440,87463190.0
5442,253970080.0
5443,165496350.0
5444,122083540.0
5448,141786460.0
5449,322701300.0
5451,84916024.0
5452,254548500.0
5455,74111900.0
5456,287633200.0
5460,188860130.0
5461,223332110.0
5468,108694150.0
5470,121952070.0
5471,201396080.0
5475,204392780.0
5476,484652740.0
5479,259116500.0
5480,253917780.0
5483,235962110.0
5485,238678770.0
5489,97474910.0
5494,203906800.0
5495,648754100.0
5497,374866850.0
5498,222962660.0
5506,461318750.0
5508,339081150.0
5513,333807040.0
5514,277246880.0
5525,144138600.0
5526,220066700.0
5532,333462850.0
5534,111290090.0
5535,140235980.0
5539,239997250.0
5543,106673530.0
5557,231925150.0
5559,384745760.0
5562,252978830.0
5564,270473800.0
5567,313143840.0
5573,344392060.0
5574,94982740.0
5575,168338080.0
5576,104252344.0
5580,130732050.0
5582,100145380.0
5584,472784060.0
5586,159301070.0
5587,249048180.0
5589,578258800.0
5594,287057380.0
5596,460978800.0
5601,84282740.0
5602,128564350.0
5610,202618850.0
5617,343350430.0
5618,154596960.0
5623,376292160.0
5626,218794740.0
5628,107428270.0
5629,352409250.0
5630,170813420.0
5631,199579180.0
5634,199623780.0
5637,135737860.0
5644,766708400.0
5645,155624700.0
5649,434776060.0
5652,794761800.0
5655,72072250.0
5657,188803170.0
5661,191566500.0
5663,302339040.0
5664,100917544.0
5668,152295800.0
5675,184194290.0
5676,87412720.0
5678,149551220.0
5679,277076540.0
5680,113295784.0
5681,154477980.0
5683,354226400.0
5685,156332130.0
5688,150878990.0
5690,116587300.0
5692,108262310.0
5694,177154990.0
5697,93386210.0
5700,382434240.0
5701,216022450.0
5703,477824220.0
5704,209161980.0
5708,398158800.0
5709,326195620.0
5713,154512660.0
5721,132613464.0
5736,387862500.0
5739,109688020.0
5743,224021940.0
5748,488203620.0
5757,391275330.0
5760,124654860.0
5764,491610370.0
5770,342857860.0
5773,75798310.0
5780,564930700.0
5786,89621950.0
5789,94642344.0
5793,182014740.0
5800,140565170.0
5801,79455650.0
5804,547800300.0
5805,339941280.0
5806,108677110.0
5810,244117090.0
5821,172334820.0
5823,66777300.0
5825,332931400.0
5832,309514600.0
5837,82418630.0
5838,43164296.0
5839,236806190.0
5841,148455410.0
5842,280096670.0
5850,277308700.0
5858,710843300.0
5862,104692940.0
5864,317712600.0
5865,195696210.0
5866,150320930.0
5869,87931256.0
5877,243912580.0
5886,436089700.0
5889,315558700.0
5890,93189260.0
5894,152036420.0
5895,228155250.0
5897,218481800.0
5900,153985540.0
5902,210507410.0
5905,173912290.0
5907,513672320.0
5912,86666450.0
5932,107218930.0
5936,55708170.0
5939,114570340.0
5942,279529730.0
5959,94461070.0
5964,243480180.0
5966,232675170.0
5968,121357870.0
5973,237513460.0
5977,93183810.0
5980,127676950.0
5982,336564000.0
5984,254081300.0
5985,85681870.0
5987,328642270.0
5991,161351800.0
5994,156557820.0
5997,250063550.0
5998,149270850.0
5999,144348640.0
6003,203609020.0
6007,341778100.0
6011,173234540.0
6014,336109920.0
6018,185576900.0
6020,167864620.0
6026,155264830.0
6028,83255770.0
6029,104588290.0
6039,292017380.0
6047,89779660.0
6050,66819572.0
6053,241453300.0
6056,113489460.0
6059,98192770.0
6061,442576580.0
6064,126847060.0
6068,165418910.0
6072,97831560.0
6075,111297360.0
6076,66766396.0
6077,503830240.0
6089,283767230.0
6093,170692510.0
6095,86604960.0
6096,144125040.0
6101,103658710.0
6103,216523900.0
6108,224556660.0
6114,528776160.0
6115,153720320.0
6120,136714940.0
6123,180807060.0
6125,109970520.0
6127,115622570.0
6129,99849736.0
6130,355724600.0
6131,93884510.0
6133,117979310.0
6135,86461960.0
6137,175332340.0
6141,255091460.0
6144,123421900.0
6147,159083310.0
6148,328027360.0
6151,167540700.0
6157,456250100.0
6158,89070080.0
6161,368959650.0
6165,254753740.0
6177,394051330.0
6178,106738560.0
6187,183133540.0
6203,116739910.0
6204,133919260.0
6209,293703800.0
6212,78653150.0
6218,321906140.0
6223,80487770.0
6226,150580140.0
6229,276084160.0
6234,170558060.0
6235,104886400.0
6238,155144780.0
6243,88135650.0
6246,67868376.0
6248,187710100.0
6252,211263600.0
6253,138854130.0
6255,76257820.0
6256,207981250.0
6258,157469550.0
6261,212125680.0
6266,218664380.0
6270,233440830.0
6272,74421460.0
6273,311097660.0
6281,139412200.0
6282,171303840.0
6285,119629880.0
6289,85345600.0
6290,100259150.0
6292,73154140.0
6293,260365420.0
6295,95155816.0
6298,80850310.0
6303,66862890.0
6305,356804580.0
6306,78465864.0
6309,432679680.0
6310,151822880.0
6313,94703210.0
6314,365142560.0
6315,535747140.0
6319,569448770.0
6320,242024910.0
6323,270379300.0
6325,104428050.0
6331,79085650.0
6334,170970160.0
6337,89290980.0
6344,235908700.0
6347,196663150.0
6348,108638620.0
6349,174084700.0
6351,329885340.0
6353,104578104.0
6357,124609910.0
6363,273111700.0
6368,455429220.0
6370,236610480.0
6379,156198290.0
6384,137932800.0
6390,123413176.0
6393,94825976.0
6396,194555180.0
6405,204729650.0
6409,64004708.0
6416,668228860.0
6424,76342136.0
6425,109176730.0
6435,358722800.0
6438,190453040.0
6439,144406350.0
6440,141648060.0
6460,111094780.0
6467,76905860.0
6471,123590904.0
6472,112643530.0
6473,466813630.0
6475,136772860.0
6477,154483550.0
6488,234018220.0
6491,214234720.0
6503,151340100.0
6510,234397400.0
6515,203322140.0
6518,184611500.0
6523,338269020.0
6525,227321340.0
6528,801758850.0
6529,127609624.0
6530,478222140.0
6531,80719384.0
6536,138634020.0
6537,95268390.0
6538,398743200.0
6539,86153460.0
6540,202243140.0
6549,134799700.0
6552,486583140.0
6553,226626300.0
6562,147966180.0
6570,245292500.0
6572,79696660.0
6574,155195800.0
6576,84271470.0
6577,100362850.0
6585,108296184.0
6586,126630000.0
6588,320392160.0
6590,176464600.0
6592,128048530.0
6595,704495800.0
6602,513765700.0
6603,186096590.0
6604,709997800.0
6608,470286340.0
6609,250474560.0
6610,60683344.0
6614,158098980.0
6617,316001860.0
6619,384805200.0
6623,352198140.0
6625,193429650.0
6628,165381400.0
6629,284502200.0
6637,270673920.0
6643,119125410.0
6652,108458300.0
6653,75391190.0
6661,307336200.0
6662,453483230.0
6670,97021590.0
6672,656832600.0
6674,720500900.0
6676,264868030.0
6678,189354400.0
6685,176865970.0
6686,693605060.0
6687,129808580.0
6689,256002450.0
6691,236461310.0
6692,449830600.0
6702,66988130.0
6703,398022940.0
6704,84879650.0
6705,362267500.0
6707,155976980.0
6713,99333144.0
6718,114933220.0
6719,56111948.0
6720,96279656.0
6725,75637500.0
6728,231424590.0
6738,87708664.0
6739,215566450.0
6741,492186800.0
6742,490625400.0
6744,281230560.0
6755,131817140.0
6758,93855140.0
6763,65062892.0
6769,211526110.0
6779,66536830.0
6781,78650536.0
6782,87068856.0
6783,74572344.0
6789,165015890.0
6799,233893260.0
6800,141082130.0
6803,259254850.0
6812,251544600.0
6813,82275130.0
6814,430852100.0
6824,176896100.0
6827,364337500.0
6831,346799260.0
6833,359048450.0
6837,124945860.0
6838,562278340.0
6841,205856560.0
6842,140222190.0
6844,432419170.0
6847,362555070.0
6848,584465400.0
6851,393628770.0
6855,923086460.0
6856,150348670.0
6861,197073900.0
6868,366706020.0
6871,114722900.0
6879,875136900.0
6881,143075310.0
6883,585956860.0
6884,215860210.0
6890,78502230.0
6893,257930370.0
6896,192281490.0
6897,113615976.0
6898,91284020.0
6899,787449200.0
6900,118110570.0
6903,297108600.0
6906,172490350.0
6913,340427420.0
6918,71893656.0
6922,111803140.0
6925,72496260.0
6926,203170300.0
6929,74941570.0
6932,143482500.0
6935,164911820.0
6938,151830530.0
6940,136168220.0
6943,123781090.0
6944,97643730.0
6948,333052580.0
6951,102578984.0
6952,257120240.0
6954,251607650.0
6955,260532740.0
6957,172686880.0
6959,140026030.0
6963,214429870.0
6966,152948130.0
6970,421243600.0
6981,451495520.0
6983,95995610.0
6985,612945900.0
6989,204475300.0
6990,486192200.0
7007,242418600.0
7012,711539700.0
7013,188978270.0
7015,418252220.0
7017,248190200.0
7021,93475100.0
7023,54979050.0
7026,201434030.0
7027,190853550.0
7028,373664700.0
7032,98778504.0
7037,377703800.0
7038,305662620.0
7042,114269420.0
7044,133590530.0
7046,149548020.0
7051,319420350.0
7053,76117336.0
7054,153715460.0
7061,112761910.0
7064,80901340.0
7069,101549580.0
7072,116079550.0
7079,74337510.0
7080,190538190.0
7083,62836836.0
7084,202335840.0
7087,314745100.0
7092,171225460.0
7096,456812770.0
7098,78045100.0
7099,240037200.0
7108,887319230.0
7120,251097870.0
7121,128782296.0
7122,67408680.0
7126,515650460.0
7128,132036870.0
7130,103717160.0
7133,91759976.0
7137,246241500.0
7141,106133400.0
7143,141275380.0
7144,255599740.0
7148,317264220.0
7149,154017950.0
7150,358516800.0
7152,88805180.0
7154,119243260.0
7156,327577000.0
7158,167638540.0
7161,100215830.0
7163,298179330.0
7165,220194800.0
7168,168540300.0
7170,92920730.0
7171,198411250.0
7172,435399580.0
7177,126199440.0
7185,69666280.0
7186,610812700.0
7191,244017090.0
7192,319292100.0
7193,150014660.0
7194,280668700.0
7196,294586300.0
7197,101485300.0
7198,199513000.0
7201,162865340.0
7207,82211350.0
7213,210374510.0
7216,190428500.0
7218,85403180.0
7220,225005200.0
7221,746053300.0
7222,182921730.0
7224,295995300.0
7228,322168960.0
7230,88864940.0
7233,826952100.0
7235,88150810.0
7237,103190880.0
7243,144259250.0
7245,215230940.0
7259,108065280.0
7260,76531930.0
7263,71120470.0
7265,683975040.0
7271,145363280.0
7273,93284296.0
7280,124978480.0
7282,77539620.0
7283,64938576.0
7286,504448860.0
7291,193177060.0
7292,152890450.0
7293,255193150.0
7294,241811250.0
7296,561154400.0
7299,235586190.0
7306,217793660.0
7307,166995070.0
7314,414089920.0
7319,120235040.0
7320,189448240.0
7321,238399470.0
7322,265829140.0
7326,727614140.0
7327,194947410.0
7332,143427620.0
7336,81347940.0
7337,81170890.0
7348,168874100.0
7350,132562904.0
7358,267334720.0
7362,156186480.0
7363,253232240.0
7366,199209730.0
7368,147279780.0
7370,214721550.0
7372,200453330.0
7373,201034240.0
7375,374768670.0
7378,128988330.0
7381,134057880.0
7384,138105780.0
7389,85563750.0
7393,87097960.0
7399,121065720.0
7403,111464424.0
7409,294623680.0
7410,287340350.0
7412,166684350.0
7414,127045010.0
7415,131975290.0
7416,475089200.0
7427,288903460.0
7450,78081710.0
7452,97906630.0
7457,841441500.0
7459,120126730.0
7460,267270340.0
7468,108792670.0
7470,316081280.0
7474,76710850.0
7476,395757730.0
7480,286307740.0
7483,342506800.0
7486,516755800.0
7487,173907280.0
7490,739662500.0
7492,135732780.0
7494,87005640.0
7504,127823170.0
7508,262993710.0
7510,182432670.0
7514,201737330.0
7519,337300930.0
7523,268610940.0
7528,305464060.0
7530,202258620.0
7531,198386110.0
7535,468575070.0
7544,145016580.0
7548,141031070.0
7553,147613760.0
7554,127753130.0
7556,152240960.0
7561,491439360.0
7566,506930940.0
7570,180443440.0
7580,165298030.0
7585,136410370.0
7587,184367340.0
7589,197670660.0
7597,108223080.0
7598,264530900.0
7599,122139390.0
7616,789600450.0
7620,66775276.0
7623,182979760.0
7625,139769000.0
7627,182979760.0
7629,226522400.0
7630,48086652.0
7632,82679780.0
7635,173479940.0
7637,129485320.0
7638,127345500.0
7641,156356500.0
7642,256781820.0
7644,263534830.0
7646,313119650.0
7651,876348860.0
7654,102959020.0
7662,331400220.0
7663,234024540.0
7667,158688530.0
7672,305431260.0
7674,118508390.0
7675,203784540.0
7677,105498830.0
7679,168845580.0
7682,227237820.0
7684,236434620.0
7688,306153400.0
7689,243264690.0
7691,275586600.0
7693,279735360.0
7697,197689870.0
7698,485312600.0
7699,294724450.0
7714,139214800.0
7719,711688770.0
7727,165539420.0
7730,136903490.0
7739,177468960.0
7743,266484670.0
7747,143032240.0
7754,176768400.0
7755,199114930.0
7756,90554950.0
7761,83616710.0
7764,397052700.0
7767,195817820.0
7771,225913040.0
7772,345358940.0
7774,134395170.0
7777,466943550.0
7778,267955760.0
7786,339728000.0
7790,110428190.0
7792,480324060.0
7793,86451896.0
7800,166741310.0
7807,148442290.0
7808,301841250.0
7811,81059560.0
7812,463201340.0
7813,314264320.0
7815,190527410.0
7819,503418200.0
7820,461014460.0
7822,324901860.0
7824,118441460.0
7825,311886800.0
7826,190197500.0
7831,181314510.0
7833,302492300.0
7834,263860380.0
7836,205884930.0
7841,126074910.0
7842,319023500.0
7845,143621000.0
7847,89937340.0
7854,117706640.0
7870,297449180.0
7876,175427330.0
7878,192100240.0
7885,430525470.0
7886,118082060.0
7887,133402220.0
7889,175420510.0
7891,76018370.0
7894,496782200.0
7902,80950856.0
7907,103496024.0
7913,560530600.0
7916,311926880.0
7917,159660160.0
7931,503524160.0
7935,105183800.0
7939,97080696.0
7945,214513890.0
7960,160483000.0
7961,180503200.0
7966,241944000.0
7969,248263940.0
7973,94820700.0
7978,226438200.0
7985,78809140.0
7986,167416300.0
7988,131002960.0
7990,80888504.0
7992,148859460.0
7994,297162800.0
7997,175689580.0
8000,129499300.0
8003,60884936.0
8004,113714610.0
8007,94813790.0
8010,98707940.0
8011,378902050.0
8012,129699576.0
8013,181820800.0
8022,309434240.0
8025,206207620.0
8035,315019680.0
8036,327166100.0
8037,217451200.0
8038,636487550.0
8044,113989750.0
8047,130099210.0
8048,132922950.0
8049,93420136.0
8054,203620910.0
8058,388515400.0
8060,201513840.0
8061,110350264.0
8066,134108584.0
8072,281041570.0
8079,305648770.0
8082,267747970.0
8087,212658620.0
8093,156110880.0
8096,185233800.0
8098,127492310.0
8100,128447810.0
8103,352929570.0
8106,160285340.0
8107,153731840.0
8109,745571460.0
8112,221193200.0
8113,130310820.0
8115,185918200.0
8116,380101500.0
8118,61550156.0
8122,172970460.0
8123,89590790.0
8130,481956700.0
8135,882991700.0
8138,367199650.0
8146,84090140.0
8155,55493500.0
8163,91924900.0
8166,152240450.0
8169,109013300.0
8170,127780470.0
8172,150607250.0
8181,351089400.0
8184,360110460.0
8188,88202080.0
8194,110775370.0
8196,243583300.0
8197,218584340.0
8199,116694250.0
8201,191700850.0
8202,95962330.0
8205,105783810.0
8206,133565624.0
8211,154128830.0
8212,231561600.0
8216,300153800.0
8219,352232300.0
8223,248120530.0
8224,77540270.0
8225,101671064.0
8226,118210010.0
8227,280413400.0
8236,185147580.0
8239,437584200.0
8240,219972860.0
8250,207381020.0
8252,661963200.0
8254,177363380.0
8262,767065400.0
8264,660625500.0
8271,91535416.0
8273,97786424.0
8277,423866050.0
8279,80886030.0
8283,135435150.0
8288,174110140.0
8291,70020700.0
8293,394502100.0
8294,169601800.0
8296,113579600.0
8297,209669380.0
8300,237013920.0
8301,499150980.0
8306,384080200.0
8307,172309100.0
8319,125190584.0
8333,191998200.0
8334,152398910.0
8336,155732300.0
8340,133119096.0
8342,195775840.0
8343,199165810.0
8344,401827360.0
8349,211845620.0
8351,89377310.0
8354,344417000.0
8359,881635600.0
8363,97595290.0
8367,122175144.0
8372,325787300.0
8378,326226270.0
8379,114069210.0
8382,336351460.0
8385,126347410.0
8386,128009176.0
8392,236920590.0
8394,234183150.0
8404,287617200.0
8405,135874740.0
8408,134949020.0
8411,542721860.0
8414,131295624.0
8417,107009864.0
8434,314497760.0
8438,123671336.0
8444,131345140.0
8446,843785000.0
8447,283236960.0
8450,186644080.0
8453,251598830.0
8454,185660480.0
8455,453866780.0
8456,182851000.0
8458,257902660.0
8459,155649550.0
8460,191021000.0
8461,110985960.0
8463,92105490.0
8481,158939630.0
8483,144465250.0
8487,372761700.0
8488,92255096.0
8492,225984530.0
8494,296615650.0
8495,265407940.0
8498,71102450.0
8499,616144640.0
8500,208452050.0
8509,260691570.0
8511,275715520.0
8512,129007960.0
8515,706180860.0
8519,344537700.0
8522,299236350.0
8523,188156290.0
8526,294151970.0
8530,178543300.0
8532,688053440.0
8534,247291100.0
8535,233120110.0
8537,313215170.0
8545,357121730.0
8555,216653260.0
8556,201338400.0
8557,86125096.0
8558,210437550.0
8559,671644300.0
8560,150876350.0
8565,312644770.0
8574,200824510.0
8575,82917560.0
8577,72863270.0
8585,216407800.0
8591,130390856.0
8593,129410730.0
8595,253485220.0
8596,90869544.0
8600,212411940.0
8604,111163570.0
8606,67598560.0
8611,90968900.0
8613,121329180.0
8614,175383630.0
8617,335585120.0
8619,321130300.0
8620,294826980.0
8623,282025700.0
8627,310860500.0
8628,733553800.0
8630,150664480.0
8631,222683040.0
8637,186822580.0
8638,266248320.0
8640,141037300.0
8643,73707860.0
8654,133337310.0
8656,95894230.0
8659,200333420.0
8660,176803980.0
8663,376936400.0
8667,276263600.0
8670,58925296.0
8675,350676580.0
8677,86394870.0
8683,327114400.0
8684,88708696.0
8685,214236620.0
8687,318617100.0
8691,102975944.0
8696,415034900.0
8697,153095070.0
8701,127355420.0
8702,101060300.0
8706,594807800.0
8707,115322520.0
8711,98896776.0
8714,167615180.0
8715,117997750.0
8716,211481760.0
8720,140857020.0
8721,101664870.0
8723,123372744.0
8729,449510370.0
8733,478703680.0
8735,347534080.0
8737,297067900.0
8741,104494776.0
8745,259159280.0
8748,193214110.0
8749,374816060.0
8752,103173700.0
8755,131341060.0
8759,374459140.0
8760,373445250.0
8763,147210610.0
8764,184317170.0
8765,89277810.0
8768,132254904.0
8772,133775410.0
8775,179111840.0
8777,144748290.0
8785,282118400.0
8786,108396040.0
8794,171545550.0
8802,168084060.0
8806,155374740.0
8809,349324320.0
8815,228424690.0
8816,196918670.0
8817,259737120.0
8819,247258130.0
8821,349681340.0
8823,671717440.0
8824,67557810.0
8827,459293820.0
8828,878030300.0
8830,257835360.0
8835,235114050.0
8837,73357580.0
8840,83021650.0
8842,409205280.0
8849,138016600.0
8852,225328910.0
8854,107791950.0
8859,398919040.0
8860,246803440.0
8866,206189260.0
8867,222859420.0
8873,117354904.0
8874,192749520.0
8877,225346060.0
8878,255568880.0
8881,167617420.0
8882,258723330.0
8883,202917400.0
8894,201557060.0
8895,204856980.0
8897,73421870.0
8903,249233090.0
8904,122053120.0
8905,286114460.0
8906,72314140.0
8907,71102450.0
8917,434869860.0
8923,230087020.0
8924,290020400.0
8925,178320160.0
8928,233933890.0
8929,217691840.0
8931,161293900.0
8938,248377260.0
8941,121336630.0
8943,182344200.0
8944,451587520.0
8945,143545400.0
8946,117106510.0
8950,180819520.0
8951,435730430.0
8952,305401600.0
8953,301676160.0
8956,121774610.0
8957,417009020.0
8958,70848100.0
8960,137995360.0
8962,128134330.0
8964,85861450.0
8974,268668100.0
8976,141154580.0
8978,359219300.0
8980,130080350.0
8986,77538520.0
8988,91736860.0
8989,140633330.0
8992,170258130.0
8993,136033630.0
8995,259488700.0
8998,293945660.0
9003,348005340.0
9005,299251700.0
9006,280178400.0
9007,302661800.0
9008,286198530.0
9012,544392400.0
9013,722563840.0
9014,100129384.0
9016,294766850.0
9018,412023300.0
9022,270436860.0
9024,103789490.0
9026,209802960.0
9027,128550410.0
9029,113781040.0
9030,161207150.0
9032,239958140.0
9037,536531870.0
9038,184402640.0
9039,146283500.0
9055,509168420.0
9057,605525950.0
9069,118312020.0
9070,194490270.0
9072,177606180.0
9080,172149700.0
9086,90091384.0
9087,131021850.0
9091,223102320.0
9092,168024000.0
9093,269692600.0
9098,332552960.0
9104,592336260.0
9105,281065700.0
9106,213982700.0
9112,186010260.0
9113,329783500.0
9114,309834850.0
9121,137053520.0
9125,249367410.0
9131,103309624.0
9135,169125580.0
9137,304133860.0
9142,120227300.0
9148,150105820.0
9153,318822900.0
9156,99534320.0
9157,199812690.0
9158,222252720.0
9164,378254460.0
9168,132856520.0
9169,505192130.0
9171,66347990.0
9173,212437340.0
9175,161810180.0
9176,82455570.0
9177,119674950.0
9179,239406900.0
9185,110458220.0
9188,183256290.0
9197,181840750.0
9198,282686700.0
9208,70744430.0
9210,236327140.0
9211,134230370.0
9220,142895140.0
9221,740411600.0
9226,121222536.0
9227,299150080.0
9228,164967680.0
9232,156450190.0
9233,215894320.0
9236,122623550.0
9237,99517660.0
9243,115608296.0
9251,180373580.0
9259,453917630.0
9263,168210220.0
9265,315915800.0
9268,517643000.0
9269,222369680.0
9273,244733420.0
9274,304064000.0
9275,161642660.0
9278,627346000.0
9281,203720910.0
9284,241486800.0
9285,546898000.0
9289,122031080.0
9290,133404820.0
9295,104961830.0
9298,312411600.0
9304,380198530.0
9305,104506160.0
9307,242503070.0
9310,153810780.0
9312,129589440.0
9320,775544960.0
9321,291179900.0
9327,81556230.0
9329,199867310.0
9332,171160370.0
9342,124551380.0
9344,172137760.0
9349,176672620.0
9352,104766050.0
9354,67923576.0
9359,343762340.0
9362,683291650.0
9366,533194080.0
9370,421229440.0
9373,102390590.0
9379,467884380.0
9384,184841900.0
9385,255610770.0
9387,236357400.0
9389,175620880.0
9390,279482500.0
9400,108891576.0
9402,90236200.0
9403,130981510.0
9404,167353600.0
9412,47082150.0
9422,181730000.0
9423,297695550.0
9424,140047540.0
9425,236709550.0
9429,218637440.0
9432,144236300.0
9437,278956500.0
9441,239922180.0
9442,229836700.0
9448,67321390.0
9453,122827464.0
9462,174796430.0
9463,89209210.0
9464,145522980.0
9469,222050600.0
9471,378596130.0
9476,95429800.0
9485,149495230.0
9486,112179096.0
9487,333420380.0
9488,125473300.0
9489,744245000.0
9490,656291600.0
9491,143435600.0
9497,81317130.0
9501,114970456.0
9504,224643820.0
9505,134603840.0
9512,207873250.0
9513,144598800.0
9517,127791410.0
9518,226871700.0
9519,157130480.0
9523,259316560.0
9526,162601040.0
9531,576877300.0
9536,51169840.0
9537,322952200.0
9538,76378930.0
9540,145189220.0
9550,292172500.0
9551,353911500.0
9552,353383580.0
9557,267904960.0
9560,139220560.0
9561,136548100.0
9562,436165980.0
9568,357956350.0
9570,133149360.0
9573,285221760.0
9574,118457180.0
9575,299589300.0
9577,67325330.0
9580,337976420.0
9589,311783940.0
9592,204542530.0
9593,81758150.0
9595,411659170.0
9597,194977340.0
9599,80569600.0
9600,131542050.0
9603,194758930.0
9609,114683150.0
9615,147288960.0
9616,210483360.0
9617,215313460.0
9624,155928240.0
9639,124563384.0
9640,120373656.0
9641,76540930.0
9646,66328330.0
9647,203238640.0
9648,754595100.0
9654,320357470.0
9656,277606820.0
9660,149164500.0
9663,689328200.0
9666,222207550.0
9673,190975870.0
9676,374858080.0
9679,123988930.0
9682,86717740.0
9685,223599490.0
9688,287801020.0
9691,83658830.0
9692,462772700.0
9693,217882850.0
9696,182110030.0
9698,146496290.0
9702,72072250.0
9703,684104400.0
9706,266550340.0
9715,429096900.0
9717,217300340.0
9719,327378750.0
9720,148066640.0
9721,200858980.0
9722,180220100.0
9726,225566580.0
9728,407261340.0
9730,152102740.0
9738,193481920.0
9747,182781360.0
9752,70935680.0
9754,82822170.0
9755,188103220.0
9757,114926870.0
9765,75177540.0
9768,88948930.0
9773,89345670.0
9776,178290100.0
9780,475722430.0
9783,779762560.0
9785,257935150.0
9786,225322320.0
9791,117619210.0
9792,199062980.0
9793,222644350.0
9794,192629360.0
9795,724588000.0
9798,490037630.0
9804,96578696.0
9809,177977920.0
9812,191346160.0
9817,166876140.0
9819,256040880.0
9827,236121700.0
9832,96288380.0
9834,136156850.0
9835,672456640.0
9840,123168560.0
9847,368110340.0
9851,254735280.0
9856,187176930.0
9857,282648960.0
9859,147130930.0
9872,316120350.0
9875,905203800.0
9879,320962620.0
9881,142168350.0
9886,130070400.0
9895,557948350.0
9897,340399100.0
9902,164875420.0
9909,91796830.0
9912,108692664.0
9916,147083140.0
9920,213947360.0
9922,163068690.0
9924,297777630.0
9925,38237200.0
9926,131595520.0
9932,197426350.0
9935,299670600.0
9937,144251710.0
9938,167064210.0
9944,154379310.0
9947,770928060.0
9951,166994720.0
9957,208665860.0
9958,396451740.0
9961,373304480.0
9962,139784910.0
9963,143906020.0
9964,91003450.0
9967,216244210.0
9970,118506840.0
9971,96027600.0
9972,374968930.0
9975,307693660.0
9978,281125760.0
9985,217843780.0
9986,149777580.0
9988,151647120.0
9990,193765920.0
9995,120038840.0
9996,145652060.0
9998,130118610.0
9999,119652760.0
10002,117970320.0
10003,79434460.0
10010,101106810.0
10013,906511100.0
10016,147583790.0
10021,197454770.0
10024,228452460.0
10025,761322000.0
10026,197529250.0
10031,624647600.0
10032,384379420.0
10037,113710680.0
10040,365077440.0
10041,156130180.0
10045,87179340.0
10050,215308510.0
10051,197214060.0
10052,276629200.0
10053,116937810.0
10060,832919940.0
10061,160621090.0
10064,546204400.0
10065,582052740.0
10076,102072310.0
10078,394597980.0
10086,195836800.0
10087,81895630.0
10097,229616780.0
10102,319227940.0
10106,667420300.0
10112,245025310.0
10114,83295600.0
10115,65410990.0
10117,150386720.0
10118,39674052.0
10120,128077280.0
10128,92313390.0
10132,146320210.0
10133,294483200.0
10136,202057780.0
10142,166917820.0
10143,82880264.0
10145,402527070.0
10148,228779760.0
10149,293835330.0
10151,113381880.0
10160,135279310.0
10168,104906990.0
10169,216408380.0
10174,124434900.0
10179,51634600.0
10182,199291200.0
10188,195561230.0
10189,121989970.0
10190,148639600.0
10191,204835280.0
10198,258387470.0
10203,329347780.0
10208,643942700.0
10215,442286820.0
10216,88358984.0
10224,239245040.0
10225,426691680.0
10226,122743336.0
10227,184174690.0
10230,169053470.0
10231,177477710.0
10234,229470910.0
10235,387862140.0
10238,417793800.0
10242,436657540.0
10243,125075384.0
10245,442172350.0
10248,190761620.0
10251,187713970.0
10252,361496500.0
10253,134454900.0
10269,192303150.0
10270,295948860.0
10272,173431070.0
10274,291826000.0
10275,625727300.0
10276,199710140.0
10279,164708350.0
10283,197158140.0
10284,180495070.0
10285,108803750.0
10287,227967580.0
10288,119523920.0
10291,331511460.0
10292,934553600.0
10293,128185896.0
10311,321183040.0
10316,90064190.0
10318,476410560.0
10320,130691950.0
10321,221767650.0
10325,95136660.0
10327,904183700.0
10330,96515180.0
10333,385238460.0
10336,486761300.0
10338,706339650.0
10339,141082450.0
10342,173689300.0
10343,145631250.0
10349,150147680.0
10350,49772940.0
10352,123478980.0
10353,457937180.0
10358,167880860.0
10362,73695080.0
10364,233554160.0
10367,888128060.0
10370,300016670.0
10375,72833240.0
10376,151570940.0
10381,79236630.0
10388,269963500.0
10389,309795360.0
10394,286934940.0
10398,170105340.0
10405,131828820.0
10413,132517300.0
10415,233143200.0
10416,120324860.0
10432,241381000.0
10436,179215360.0
10437,149262370.0
10441,436940640.0
10444,110324310.0
10450,373129020.0
10451,846293570.0
10456,240395200.0
10457,308753150.0
10464,246006060.0
10465,510165920.0
10466,163120380.0
10470,170717860.0
10474,158996590.0
10475,495234620.0
10476,161285150.0
10480,426443740.0
10481,175649700.0
10484,152519820.0
10485,127698880.0
10489,142593840.0
10491,321744740.0
10492,137086430.0
10494,204865520.0
10498,277276770.0
10502,138799300.0
10506,77764056.0
10507,289744350.0
10514,250385820.0
10517,250601150.0
10524,265879500.0
10526,103842340.0
10527,144818770.0
10535,82469544.0
10542,346085280.0
10546,123422230.0
10548,153065970.0
10549,165128290.0
10551,133096480.0
10560,195921860.0
10566,156534670.0
10567,178522050.0
10568,233222670.0
10574,476291650.0
10576,136047170.0
10580,96612744.0
10582,143392670.0
10589,105774840.0
10590,208356750.0
10592,291721500.0
10593,186937360.0
10597,645335550.0
10599,178649660.0
10602,338164000.0
10607,142895330.0
10618,101215980.0
10619,141283900.0
10622,118515096.0
10625,187761420.0
10626,207167360.0
10627,260228900.0
10628,146462100.0
10629,129849950.0
10632,93425976.0
10633,242296000.0
10634,644458940.0
10635,149494530.0
10636,204091660.0
10647,214226000.0
10649,521359740.0
10657,133360936.0
10660,523657470.0
10661,781576700.0
10662,252681400.0
10670,334743300.0
10671,129147464.0
10674,292965900.0
10676,835101950.0
10678,431429660.0
10679,821913400.0
10681,97335700.0
10682,127248000.0
10683,72944860.0
10688,131379900.0
10696,203090400.0
10700,445147300.0
10706,161755680.0
10712,305659700.0
10713,468150270.0
10715,379472100.0
10723,405235800.0
10724,58977012.0
10725,198895230.0
10728,83578880.0
10732,278692830.0
10733,89291420.0
10734,531094880.0
10735,81674500.0
10737,371590460.0
10740,326176420.0
10744,101616130.0
10747,252161890.0
10748,82733010.0
10750,330053220.0
10755,86974504.0
10756,88692040.0
10759,271029500.0
10760,540962700.0
10766,197463780.0
10768,336996160.0
10777,147679660.0
10778,66681550.0
10781,189459840.0
10784,271845920.0
10785,178117170.0
10788,90588856.0
10789,156282260.0
10790,512335330.0
10793,92371870.0
10795,344514020.0
10798,89212870.0
10802,74650820.0
10804,109025896.0
10805,835072700.0
10806,91562344.0
10807,94504150.0
10808,166756380.0
10810,117078184.0
10812,68208020.0
10813,98654344.0
10817,229486720.0
10827,142195280.0
10832,215583360.0
10838,263159340.0
10841,277209150.0
10842,202332080.0
10844,144746460.0
10845,82262824.0
10847,142609780.0
10850,331619360.0
10852,285866980.0
10854,77417740.0
10855,89870880.0
10858,313714200.0
10861,125607090.0
10865,339376600.0
10876,164163860.0
10878,167903330.0
10885,277943550.0
10887,155812430.0
10893,219312020.0
10895,99946530.0
10898,118603720.0
10900,266859260.0
10916,133068330.0
10919,219292590.0
10921,297145500.0
10927,373729000.0
10928,380251300.0
10932,93494104.0
10935,81418830.0
10936,92943790.0
10939,148245680.0
10941,238711740.0
10942,80743160.0
10944,117219450.0
10945,291935940.0
10954,710245900.0
10962,131691330.0
10973,388789900.0
10975,114489310.0
10976,120912620.0
10978,275293300.0
10981,344458370.0
10982,403641900.0
10984,1003460100.0
10986,141527100.0
10987,312067200.0
10988,215102720.0
10990,227325460.0
10991,272251900.0
10993,210081820.0
10995,95267440.0
10999,126238940.0
11000,219746640.0
11001,180390860.0
11012,116392050.0
11014,65786024.0
11019,127315980.0
11024,209615950.0
11026,243434880.0
11030,112828290.0
11034,127556150.0
11037,156650140.0
11048,340786270.0
11050,79210590.0
11051,83377320.0
11054,216866670.0
11055,212956480.0
11059,48965650.0
11066,318138240.0
11067,223570620.0
11069,135296450.0
11072,609962800.0
11075,288737380.0
11078,369014530.0
11080,269819400.0
11090,253129460.0
11097,499518430.0
11098,171757740.0
11101,185096780.0
11105,357522850.0
11107,251173360.0
11112,179936290.0
11118,105114210.0
11119,316913280.0
11128,294405950.0
11130,149665040.0
11131,82491410.0
11134,164131820.0
11135,167508930.0
11138,132195384.0
11144,183959040.0
11145,344380030.0
11152,153148940.0
11154,121806540.0
11156,83101940.0
11160,428236800.0
11163,226893950.0
11171,276911200.0
11173,217068480.0
11174,367024580.0
11175,140467250.0
11181,275980400.0
11183,194820800.0
11189,178553540.0
11190,82337750.0
11192,96937250.0
11193,101977880.0
11194,191774340.0
11197,159543180.0
11202,334879500.0
11204,132625770.0
11209,157944450.0
11213,177824240.0
11216,203718690.0
11217,290934620.0
11219,169472740.0
11222,955344600.0
11229,301157920.0
11231,128318070.0
11232,168930990.0
11241,401671550.0
11246,110771170.0
11248,144087360.0
11249,126435650.0
11250,177959400.0
11251,420413380.0
11253,199741490.0
11254,111981190.0
11255,138400270.0
11256,207150600.0
11258,90219840.0
11262,481049120.0
11265,279106750.0
11266,87579880.0
11268,162581230.0
11270,232523760.0
11272,515580800.0
11273,162720450.0
11280,310310700.0
11281,147583790.0
11283,99302580.0
11288,230547410.0
11289,129711190.0
11290,534947260.0
11293,104924120.0
11294,269668600.0
11300,342591040.0
11304,325263580.0
11305,80953896.0
11311,184887570.0
11315,607956800.0
11317,141899840.0
11318,139314610.0
11324,312690430.0
11331,246119920.0
11333,633319600.0
11334,130656650.0
11338,192171570.0
11351,186221470.0
11355,65060420.0
11356,83820984.0
11358,147376300.0
11365,169326850.0
11366,413808220.0
11367,213862370.0
11372,119231880.0
11374,809404200.0
11380,111776264.0
11387,864820030.0
11388,157953740.0
11389,124617780.0
11393,322963900.0
11407,123251060.0
11411,197665810.0
11413,723672000.0
11418,301338850.0
11425,103547144.0
11427,125456344.0
11431,80064470.0
11433,79281256.0
11434,416342720.0
11437,269734750.0
11438,200780720.0
11439,731929300.0
11440,189794530.0
11441,225253740.0
11444,114438936.0
11445,97802930.0
11450,112336380.0
11452,160729490.0
11457,156357980.0
11460,379344770.0
11466,241513800.0
11469,53805696.0
11470,304738800.0
11477,164097120.0
11485,166759840.0
11486,92513790.0
11488,137350780.0
11500,371061380.0
11507,98513310.0
11508,205633460.0
11515,264674260.0
11517,514496400.0
11518,69894120.0
11521,363539400.0
11522,749575300.0
11523,137953870.0
11524,190283420.0
11525,266601700.0
11530,88707330.0
11535,355959360.0
11536,380376400.0
11537,153732110.0
11538,143096600.0
11539,286732130.0
11545,127620504.0
11546,184593330.0
11547,659803650.0
11548,161675970.0
11559,98613976.0
11562,84685530.0
11565,154802370.0
11567,68666990.0
11570,149811200.0
11574,132955096.0
11576,141701920.0
11577,120033096.0
11586,470726850.0
11589,534826500.0
11604,156339490.0
11610,80863960.0
11614,302677630.0
11616,165594180.0
11618,237668800.0
11624,95847990.0
11626,686808900.0
11628,273114240.0
11630,394177600.0
11633,293418370.0
11635,265591790.0
11649,353882080.0
11653,259075260.0
11655,368668000.0
11656,882375100.0
11659,199292660.0
11661,51287900.0
11663,177140780.0
11665,165844480.0
11667,199063330.0
11668,159341380.0
11671,216186860.0
11673,173327300.0
11677,290475780.0
11681,106550910.0
11682,421720400.0
11692,366500350.0
11693,251360720.0
11696,209824430.0
11698,919288260.0
11700,278306340.0
11704,369264000.0
11705,153677500.0
11709,837417100.0
11710,142582400.0
11721,81077050.0
11723,191435120.0
11726,176986900.0
11731,275464670.0
11738,183755150.0
11739,283525570.0
11742,216060370.0
11743,110282104.0
11744,149588860.0
11748,750432900.0
11750,215221300.0
11752,186659540.0
11760,237509730.0
11763,209209090.0
11765,250042460.0
11766,224741020.0
11769,835324160.0
11771,220728140.0
11772,105999850.0
11774,239385660.0
11776,161411520.0
11778,273519900.0
11783,146616770.0
11784,90582664.0
11786,165335300.0
11787,391391580.0
11788,755206100.0
11791,174182620.0
11797,108197544.0
11798,164493950.0
11799,480922780.0
11805,136147100.0
11814,299163070.0
11821,402148670.0
11824,236453860.0
11835,320363900.0
11838,232867490.0
11850,76029510.0
11854,678449400.0
11856,372456640.0
11858,207049490.0
11859,124722136.0
11864,158940740.0
11866,245477820.0
11870,245644700.0
11875,178747800.0
11877,286161280.0
11884,383442270.0
11885,272516930.0
11886,274531100.0
11887,72011624.0
11892,99833656.0
11899,190109360.0
11902,137231400.0
11903,211413330.0
11906,222583520.0
11909,71804220.0
11914,204167860.0
11915,175266670.0
11919,271289630.0
11921,129536056.0
11926,162161970.0
11928,158916860.0
11929,164424460.0
11930,101314680.0
11932,210131280.0
11941,142371630.0
11943,116455240.0
11946,117238960.0
11950,516190500.0
11951,409151360.0
11956,213277260.0
11958,103288776.0
11959,286120000.0
11960,121058330.0
11964,131651890.0
11966,117560850.0
11971,196727230.0
11972,75630680.0
11975,353255940.0
11979,151871380.0
11984,231874580.0
11986,176007620.0
11992,131407940.0
11996,121739280.0
12006,112429810.0
12009,135024270.0
12011,119227260.0
12012,68816456.0
12014,670725760.0
12015,332175550.0
12020,96170450.0
12024,159027890.0
12028,83232030.0
12034,116832830.0
12035,275498400.0
12037,192761620.0
12039,132841150.0
12041,149064380.0
12043,92721520.0
12046,208753140.0
12050,93538344.0
12061,157513400.0
12067,216433200.0
12069,310311400.0
12072,262325630.0
12073,148822860.0
12076,115860470.0
12077,110007730.0
12081,95257016.0
12085,338376260.0
12086,174030580.0
12089,157311730.0
12094,228414300.0
12095,91830584.0
12096,101285400.0
12103,192098960.0
12106,237784510.0
12107,708448260.0
12110,180486610.0
12111,144737980.0
12112,92176480.0
12113,85607304.0
12115,210154240.0
12118,795220500.0
12120,470469100.0
12123,431125500.0
12127,105394536.0
12142,97478780.0
12144,327067620.0
12145,158228420.0
12147,151012300.0
12149,484938020.0
12150,279374180.0
12154,177093120.0
12155,145494560.0
12158,361687000.0
12162,401661540.0
12171,287360300.0
12176,103838220.0
12177,277638100.0
12180,253552060.0
12181,80929350.0
12183,366251460.0
12187,160271170.0
12196,263453920.0
12199,210398260.0
12205,75456376.0
12207,78418500.0
12214,135483620.0
12216,255891800.0
12221,269769060.0
12225,156169390.0
12227,89177810.0
12228,196606610.0
12238,100199030.0
12239,142319710.0
12240,307734080.0
12242,307783400.0
12245,185325310.0
12250,268418370.0
12252,105383040.0
12257,121340710.0
12260,183862300.0
12261,129963520.0
12262,96149890.0
12263,122459760.0
12264,112217790.0
12265,125564300.0
12270,712212500.0
12271,80026050.0
12275,90137090.0
12278,282469500.0
12280,101296540.0
12292,157442580.0
12295,69960376.0
12299,96737384.0
12301,614755700.0
12303,126824710.0
12307,152835980.0
12308,187965070.0
12310,228544960.0
12312,173771860.0
12315,224909340.0
12320,71197690.0
12328,243724830.0
12329,226294620.0
12335,80208270.0
12342,234264000.0
12345,190746370.0
12348,126383700.0
12349,227101680.0
12350,245418270.0
12352,113684520.0
12356,91707660.0
12360,186857660.0
12362,135974110.0
12367,140504600.0
12368,362775420.0
12375,72641960.0
12376,659099140.0
12377,109982140.0
12404,91713020.0
12406,345179840.0
12415,110311710.0
12416,370624350.0
12417,596658000.0
12419,307012600.0
12420,145746600.0
12424,151755000.0
12426,392840350.0
12428,104351660.0
12430,172795650.0
12433,141981020.0
12435,150619020.0
12447,236259780.0
12450,82059240.0
12452,329490530.0
12464,164105630.0
12465,259768130.0
12468,134139590.0
12472,257382190.0
12482,585989300.0
12484,115813970.0
12485,99337820.0
12487,318544480.0
12492,719431360.0
12494,153083220.0
12496,271497150.0
12498,129970750.0
12499,160826530.0
12500,78728136.0
12503,249373490.0
12507,635421900.0
12510,219044080.0
12516,126818216.0
12522,138029920.0
12524,271636320.0
12532,108949010.0
12538,254333650.0
12540,98903210.0
12541,274612740.0
12554,187009040.0
12555,483581800.0
12557,148955550.0
12558,253089780.0
12560,90941576.0
12561,78646690.0
12564,265482050.0
12566,139032720.0
12568,116191650.0
12573,274979330.0
12575,127928090.0
12580,358934430.0
12587,86533520.0
12588,204191730.0
12590,205273120.0
12592,75075920.0
12596,108011780.0
12598,401035400.0
12599,277353570.0
12600,312784740.0
12609,210284600.0
12614,60332772.0
12615,206272080.0
12617,73961224.0
12627,72635380.0
12628,134316020.0
12630,126912210.0
12633,75456050.0
12639,116968700.0
12648,340267740.0
12652,250427790.0
12654,167593300.0
12656,198754600.0
12657,631137860.0
12658,255288850.0
12663,753263000.0
12670,86439110.0
12672,684844900.0
12676,190205280.0
12678,128638320.0
12681,320673950.0
12683,66237736.0
12684,220181090.0
12689,423684030.0
12693,313850620.0
12694,108563760.0
12700,146524830.0
12702,182169440.0
12711,94999350.0
12717,108328620.0
12718,94426130.0
12720,273551360.0
12721,149356980.0
12724,151600980.0
12726,96130530.0
12727,226271400.0
12730,158352750.0
12733,105379520.0
12735,253695440.0
12740,131294730.0
12741,73098856.0
12747,223034180.0
12757,448543000.0
12759,400734050.0
12767,145495570.0
12775,802674500.0
12780,133057420.0
12781,277461860.0
12785,706177100.0
12787,391960130.0
12790,261728670.0
12797,293859200.0
12798,737549950.0
12806,827210430.0
12808,126587280.0
12811,317840300.0
12815,261320380.0
12816,275429300.0
12819,149625040.0
12820,84074530.0
12828,147955550.0
12830,173580140.0
12831,61815620.0
12832,258912460.0
12840,145601250.0
12841,83526360.0
12843,162326800.0
12851,186306720.0
12852,149862500.0
12854,227393140.0
12856,332786720.0
12859,265094000.0
12862,280279900.0
12868,385249060.0
12874,106606264.0
12877,230351500.0
12882,95201840.0
12883,434169730.0
12886,101896400.0
12887,115720160.0
12889,86203950.0
12890,153127340.0
12895,70410830.0
12904,94945704.0
12905,176049920.0
12906,87008890.0
12908,205820200.0
12910,110998616.0
12915,121428056.0
12916,143876670.0
12918,264107870.0
12919,79722930.0
12920,90132980.0
12921,263733380.0
12922,324330850.0
12924,282648960.0
12925,331893300.0
12926,111391430.0
12936,104222430.0
12937,242326180.0
12942,95843050.0
12943,798523600.0
12945,124179624.0
12948,229920500.0
12949,74653430.0
12955,132474936.0
12960,164469470.0
12963,396618780.0
12964,252722320.0
12983,105211920.0
12993,296983840.0
12994,300220220.0
12996,262487400.0
12997,117609410.0
13002,219133900.0
13005,200613950.0
13007,166124300.0
13011,104296344.0
13014,494870560.0
13018,80929650.0
13020,189810670.0
13021,144471780.0
13022,281184400.0
13028,102186616.0
13029,118757976.0
13038,259697230.0
13039,318736320.0
13043,90598270.0
13044,525405440.0
13045,302989300.0
13046,93753730.0
13047,299614340.0
13056,379936800.0
13066,601310850.0
13076,163448350.0
13079,131328300.0
13080,178761980.0
13088,168149460.0
13089,432685380.0
13090,157607040.0
13091,129481780.0
13096,364215200.0
13097,179143680.0
13100,199050600.0
13101,413223170.0
13102,366792220.0
13104,356436930.0
13106,334615460.0
13112,203214780.0
13113,140850690.0
13114,149930080.0
13118,328753860.0
13121,120278390.0
13127,214998510.0
13130,267815260.0
13135,479125980.0
13137,355400580.0
13138,804148740.0
13141,407392480.0
13142,87963280.0
13144,158690580.0
13146,162776370.0
13148,673479940.0
13151,136338480.0
13161,187153630.0
13165,270809340.0
13168,144845760.0
13172,639997700.0
13173,678540400.0
13180,130840040.0
13181,332495230.0
13183,115412630.0
13190,492481100.0
13197,345662300.0
13203,173383150.0
13207,363007100.0
13212,270116670.0
13215,261037380.0
13216,111622130.0
13217,97580100.0
13223,273740400.0
13224,115055864.0
13226,173263780.0
13231,243308900.0
13232,786857100.0
13234,503725250.0
13236,69515096.0
13242,274130080.0
13246,158213760.0
13248,137320880.0
13253,164587470.0
13255,174387230.0
13256,129334520.0
13257,47024416.0
13267,223992140.0
13269,776448700.0
13270,351275650.0
13271,181897300.0
13273,359733900.0
13275,225373540.0
13279,187800660.0
13280,178970190.0
13285,191630130.0
13287,177979180.0
13293,807324740.0
13294,579802300.0
13295,378812500.0
13299,317667260.0
13300,105090980.0
13303,887240960.0
13304,156650600.0
13308,281117600.0
13309,117401170.0
13311,224447790.0
13316,236849540.0
13317,106886890.0
13326,191094340.0
13330,465231000.0
13336,181060080.0
13339,107430504.0
13343,92594290.0
13352,359136600.0
13358,75667976.0
13362,156312880.0
13366,697376450.0
13373,109253440.0
13374,432579360.0
13375,345532900.0
13379,262449650.0
13380,192709400.0
13381,187914850.0
13385,172258800.0
13387,355550880.0
13391,611755700.0
13393,129154560.0
13396,215066800.0
13398,160344270.0
13402,230129420.0
13403,291777660.0
13416,309035680.0
13423,169130720.0
13424,782666560.0
13431,141201800.0
13433,91110456.0
13443,168172000.0
13446,167933500.0
13448,95879304.0
13452,127941464.0
13454,105750090.0
13456,183795220.0
13464,622676350.0
13470,280957300.0
13472,521018880.0
13473,132189840.0
13474,169002940.0
13480,703310340.0
13482,65493484.0
13483,303160350.0
13489,107486776.0
13490,104378830.0
13491,146319000.0
13492,89258270.0
13499,331593150.0
13501,183422830.0
13506,155447740.0
13510,171568050.0
13513,54314724.0
13514,287168060.0
13516,934458750.0
13517,135669330.0
13518,157575890.0
13519,354959550.0
13520,272779400.0
13521,907875700.0
13526,229089230.0
13527,405579970.0
13539,128806540.0
13553,138318450.0
13556,827615040.0
13568,94857410.0
13572,126274450.0
13575,91787470.0
13578,469052860.0
13580,318333300.0
13581,154349870.0
13583,98954570.0
13586,192919730.0
13596,153811800.0
13598,228651250.0
13599,249374460.0
13601,143284050.0
13603,144369060.0
13605,96084856.0
13612,145942910.0
13614,185822430.0
13618,374169280.0
13621,109669816.0
13626,306147700.0
13632,146626300.0
13634,132972760.0
13637,117702264.0
13638,119158930.0
13640,88244296.0
13641,73622776.0
13643,168475330.0
13647,207397580.0
13650,513161700.0
13654,319721000.0
13655,169091060.0
13656,511651460.0
13658,63846400.0
13660,174305150.0
13667,670344260.0
13670,203101740.0
13672,292160930.0
13674,158108060.0
13677,73336400.0
13681,675941800.0
13682,97456700.0
13683,438068100.0
13686,234090050.0
13687,198237360.0
13688,165540290.0
13707,204230660.0
13715,204115310.0
13719,164653870.0
13724,489824500.0
13725,587834900.0
13728,96662640.0
13729,617740500.0
13731,222608100.0
13735,151446100.0
13740,340387700.0
13741,131028970.0
13743,133161490.0
13756,247670640.0
13757,182999460.0
13759,259101570.0
13760,308787400.0
13761,453648540.0
13762,84313390.0
13763,143631500.0
13769,88591440.0
13771,124233150.0
13772,122721800.0
13775,439189220.0
13776,218501090.0
13779,100555590.0
13790,83079110.0
13794,92602810.0
13795,128236860.0
13797,399158800.0
13798,144450980.0
13801,145224160.0
13802,163924430.0
13807,79951980.0
13812,117715900.0
13820,133593240.0
13824,412350200.0
13826,183804820.0
13835,419131870.0
13838,107808930.0
13844,231218260.0
13846,123896344.0
13851,204395170.0
13853,204191730.0
13856,356907500.0
13864,148661760.0
13866,181110420.0
13869,266408940.0
13870,422726240.0
13871,199317230.0
13873,246649060.0
13879,267005760.0
13880,844053570.0
13881,354353280.0
13887,702717900.0
13888,216185800.0
13891,73835450.0
13894,98337576.0
13897,124977976.0
13899,77906160.0
13900,225104160.0
13905,679788540.0
13906,70303080.0
13907,870956350.0
13909,96344870.0
13910,896799900.0
13911,65555924.0
13913,671387840.0
13916,176615490.0
13918,326760320.0
13919,86466520.0
13920,396848670.0
13925,216487980.0
13931,253586290.0
13937,308525860.0
13938,150639630.0
13940,134104470.0
13942,268022690.0
13945,213088210.0
13946,165517890.0
13948,243232160.0
13953,48968776.0
13956,162190720.0
13960,184273620.0
13962,145810370.0
13964,234805360.0
13965,93247230.0
13973,67932810.0
13988,108383110.0
13989,216107970.0
13991,152401340.0
13996,84563000.0
14000,60914520.0
14002,69333290.0
14004,148084160.0
14007,93615976.0
14009,137349090.0
14017,126718930.0
14021,115786420.0
14030,111084380.0
14031,174277010.0
14032,205733800.0
14037,197162380.0
14039,139350240.0
14042,273132000.0
14044,117204856.0
14046,87725910.0
14051,379224130.0
14052,253501090.0
14056,503793470.0
14062,143172640.0
14064,76750470.0
14069,461870400.0
14072,93751290.0
14077,250077140.0
14082,194583330.0
14085,631262700.0
14087,96817620.0
14090,313528130.0
14093,211295280.0
14105,230394910.0
14112,176839460.0
14113,451911300.0
14119,145807150.0
14123,184759090.0
14127,434876800.0
14129,69551560.0
14136,149561380.0
14140,172844350.0
14146,83915960.0
14148,141152460.0
14151,141683300.0
14158,389762140.0
14165,349098660.0
14173,400169470.0
14174,121556820.0
14178,330237630.0
14180,104438024.0
14185,180725440.0
14186,104749070.0
14190,140403230.0
14191,69178376.0
14192,109349030.0
14196,418666530.0
14201,296521860.0
14208,76993770.0
14209,108581040.0
14212,389390400.0
14213,331044670.0
14218,243725010.0
14221,902837060.0
14222,121189050.0
14227,101157656.0
14231,238783740.0
14233,345652480.0
14238,153199890.0
14248,167009800.0
14250,116273840.0
14251,273335940.0
14254,281538530.0
14255,343383170.0
14259,131127784.0
14267,113295784.0
14268,220237100.0
14269,348626100.0
14276,124170860.0
14280,293269900.0
14283,213122110.0
14285,213270560.0
14287,392008060.0
14291,190577540.0
14293,91017390.0
14303,57593456.0
14305,136893090.0
14306,250341140.0
14310,182827500.0
14312,173250910.0
14314,153954000.0
14317,208935900.0
14319,137648030.0
14320,201666990.0
14321,77992260.0
14322,93092230.0
14323,342257400.0
14328,136420110.0
14339,241278540.0
14352,216622750.0
14359,246703790.0
14364,512739800.0
14369,110029030.0
14371,185549280.0
14378,188133300.0
14386,78532420.0
14388,77349140.0
14391,66596652.0
14392,164002980.0
14396,314728500.0
14399,78800890.0
14400,220069820.0
14401,136090510.0
14402,181440260.0
14405,156626740.0
14406,76091240.0
14407,77788340.0
14409,143269870.0
14412,210828750.0
14417,383133600.0
14420,175527140.0
14424,167031710.0
14428,496615740.0
14429,231387980.0
14432,222088510.0
14436,163379340.0
14447,313594500.0
14458,106758880.0
14466,168366660.0
14467,156212670.0
14472,152681140.0
14476,214952780.0
14477,168097890.0
14479,115205060.0
14482,240158800.0
14483,92665130.0
14486,225981310.0
14488,598029000.0
14490,219190180.0
14491,163405810.0
14493,234188000.0
14494,217923550.0
14495,130706490.0
14497,690376450.0
14498,153745340.0
14501,181696580.0
14502,167417090.0
14503,242398860.0
14505,192590690.0
14506,256697970.0
14507,152502160.0
14511,748795460.0
14513,135412130.0
14516,334018500.0
14521,139814690.0
14530,131816390.0
14533,437572600.0
14534,289103680.0
14538,250219360.0
14539,241690200.0
14540,91208410.0
14541,400535500.0
14545,139832510.0
14547,142327730.0
14550,524386140.0
14552,160318110.0
14556,712305000.0
14557,193363020.0
14558,573924000.0
14559,183276140.0
14560,190674350.0
14561,177163040.0
14563,287606660.0
14566,126316540.0
14569,137382540.0
14571,220689950.0
14572,135224590.0
14575,250569570.0
14584,94964320.0
14589,227899040.0
14592,153338160.0
14597,224679180.0
14599,115124770.0
14601,74022984.0
14614,134642220.0
14616,168080000.0
14620,157648130.0
14621,236820160.0
14625,123330776.0
14629,858571500.0
14631,217144910.0
14633,116222600.0
14634,486279550.0
14638,105945896.0
14639,259239300.0
14644,789380900.0
14649,530447780.0
14651,689225860.0
14652,74896020.0
14656,115490984.0
14661,81967610.0
14663,447834020.0
14664,530550140.0
14668,343474340.0
14669,313127040.0
14670,473708100.0
14671,163544960.0
14673,155537170.0
14674,245900340.0
14675,628671360.0
14679,155188900.0
14681,120367760.0
14682,155166980.0
14683,483902660.0
14685,122318200.0
14692,293930200.0
14694,92543704.0
14696,169223570.0
14700,154471040.0
14703,171630960.0
14706,398325730.0
14708,182653740.0
14710,686938240.0
14713,110653670.0
14714,770172740.0
14716,260491710.0
14719,284858750.0
14725,282016060.0
14728,201528460.0
14733,292560500.0
14734,91816730.0
14746,143081500.0
14749,210914780.0
14750,111133210.0
14754,436947230.0
14756,89647270.0
14757,146325570.0
14759,207259360.0
14761,333088100.0
14765,70262210.0
14766,348124480.0
14771,263114370.0
14773,175239020.0
14776,59850496.0
14786,238325500.0
14792,352432770.0
14800,166515120.0
14802,571951400.0
14805,174309300.0
14807,237199580.0
14810,116913090.0
14813,111329530.0
14823,128008370.0
14825,222746320.0
14826,204596510.0
14828,220603790.0
14831,151753380.0
14837,380765150.0
14840,133118980.0
14842,144110700.0
14848,530722500.0
14850,88239230.0
14852,140847790.0
14855,112496720.0
14856,333723100.0
14863,109202200.0
14864,131417860.0
14867,470531970.0
14868,416537180.0
14873,723634500.0
14874,287374720.0
14884,678227700.0
14885,61510892.0
14889,589533600.0
14900,142637040.0
14901,340222100.0
14902,532970780.0
14908,141122140.0
14909,125573336.0
14914,589787840.0
14916,295488930.0
14918,148676560.0
14929,189636750.0
14930,96450950.0
14931,193836500.0
14934,70262210.0
14938,128329870.0
14939,129097896.0
14944,249377890.0
14945,132503330.0
14949,95761096.0
14950,190390880.0
14956,123827704.0
14957,218798260.0
14966,456855420.0
14968,247798400.0
14970,222058850.0
14971,93845336.0
14982,154102380.0
14983,218711330.0
14988,99800856.0
14998,42873868.0
15001,244069070.0
15003,82694190.0
15006,132691010.0
15007,216597940.0
15012,144841000.0
15014,229145980.0
15015,144222820.0
15017,723551500.0
15023,893024900.0
15028,149228110.0
15031,179775420.0
15037,749727040.0
15040,192051500.0
15042,127362216.0
15044,173368600.0
15045,401248480.0
15054,861782100.0
15058,248762480.0
15059,70372760.0
15065,254170930.0
15069,263823680.0
15079,77776870.0
15081,334448800.0
15082,127774850.0
15084,86629656.0
15087,104226130.0
15089,248535040.0
15095,293591800.0
15096,97839510.0
15101,282975940.0
15105,77897224.0
15109,204116420.0
15116,137600780.0
15118,193365150.0
15122,250726860.0
15128,82568296.0
15132,107065304.0
15139,326244380.0
15146,227936430.0
15147,213837310.0
15153,139748460.0
15155,500702720.0
15156,703302400.0
15158,241227180.0
15163,207900720.0
15164,90027750.0
15165,602565950.0
15166,119404490.0
15171,143313840.0
15180,436988800.0
15182,68269440.0
15188,78793820.0
15192,543494000.0
15202,127260040.0
15203,140380900.0
15204,137485060.0
15206,91813870.0
15207,129788856.0
15211,126037820.0
15217,830460800.0
15223,175539790.0
15233,90110580.0
15240,178501550.0
15241,61659490.0
15244,382759100.0
15248,77473840.0
15250,69945240.0
15252,684907840.0
15254,150363950.0
15255,274287800.0
15257,611343000.0
15258,222084850.0
15259,90907860.0
15264,540628600.0
15266,177540400.0
15269,174580540.0
15270,386191650.0
15272,358772000.0
15275,111753624.0
15276,177025540.0
15283,156085100.0
15287,65450050.0
15298,109582110.0
15306,252305100.0
15307,625293900.0
15308,120401510.0
15314,200252690.0
15322,123553660.0
15325,227298700.0
15326,111145816.0
15328,118397360.0
15329,447223260.0
15332,86593460.0
15334,338567940.0
15336,166338100.0
15339,68554620.0
15340,125285620.0
15342,144187500.0
15343,101752540.0
15344,81885440.0
15345,199398930.0
15346,297424960.0
15348,284090240.0
15350,198063460.0
15352,405633020.0
15358,235851860.0
15359,167376450.0
15363,141744160.0
15365,143265520.0
15368,70427760.0
15369,361692500.0
15370,218698300.0
15371,351748000.0
15376,217291420.0
15377,91713864.0
15378,200486300.0
15382,113174810.0
15386,164765380.0
15391,629647700.0
15395,113170970.0
15398,336648350.0
15399,283321380.0
15401,178377950.0
15405,149404050.0
15407,39313468.0
15408,85960710.0
15409,132285890.0
15413,423098180.0
15416,642544300.0
15419,451752450.0
15423,128237160.0
15427,203752780.0
15428,309223940.0
15431,138151650.0
15435,312356160.0
15436,112152070.0
15437,172709260.0
15441,173102640.0
15444,137324030.0
15447,123589710.0
15448,146711120.0
15451,132383740.0
15453,205930420.0
15454,185563150.0
15457,142804670.0
15463,115284240.0
15464,174477490.0
15473,71448220.0
15477,208155900.0
15478,251347400.0
15481,183553170.0
15483,202032480.0
15485,65862616.0
15493,296453820.0
15497,139606050.0
15499,161869150.0
15502,83361530.0
15506,80417370.0
15508,336962080.0
15509,132077440.0
15511,176665420.0
15512,84267220.0
15514,134684780.0
15517,161412180.0
15522,761923840.0
15535,295709570.0
15537,96240630.0
15539,420707140.0
15542,81227190.0
15548,196432930.0
15549,183874580.0
15550,106068840.0
15562,217549860.0
15563,153534880.0
15564,225225020.0
15565,91091330.0
15566,228532750.0
15569,623007400.0
15570,182414740.0
15572,258448450.0
15575,170867900.0
15578,101507630.0
15579,77747530.0
15588,226265420.0
15591,240087730.0
15595,226146380.0
15596,288949150.0
15599,69151240.0
15601,93936700.0
15603,92346640.0
15608,98036340.0
15609,53744000.0
15613,174641660.0
15614,344293700.0
15615,569141440.0
15616,81488424.0
15621,134634030.0
15624,102886870.0
15625,148595330.0
15627,100449930.0
15635,70262210.0
15637,109352820.0
15649,478411330.0
15650,375779140.0
15652,155032460.0
15655,201806560.0
15657,192122110.0
15663,149246450.0
15664,178184400.0
15666,105836090.0
15671,400536400.0
15678,142818670.0
15680,147148940.0
15691,114375980.0
15696,245459620.0
15702,134959600.0
15706,141874560.0
15710,90816780.0
15714,77615200.0
15718,130636060.0
15727,203725000.0
15730,233491860.0
15731,104916610.0
15732,241459400.0
15736,193593700.0
15737,225444370.0
15740,139436900.0
15745,78472504.0
15747,99689496.0
15752,313099400.0
15753,80730856.0
15754,251928670.0
15756,382385950.0
15761,166755680.0
15762,111898110.0
15767,501513000.0
15772,229045020.0
15783,126051944.0
15784,129519670.0
15785,101315544.0
15789,202068000.0
15792,215363710.0
15801,174242380.0
15810,381497120.0
15813,831739460.0
15818,416689800.0
15820,131832920.0
15829,396974900.0
15833,520119500.0
15838,70970150.0
15839,548324300.0
15848,167294400.0
15856,295093100.0
15859,217376930.0
15860,266852590.0
15867,184738240.0
15868,393396350.0
15869,150179250.0
15870,323822430.0
15873,133962610.0
15874,301435780.0
15875,242004670.0
15877,85199980.0
15881,276945630.0
15882,152601060.0
15884,141236800.0
15886,131620664.0
15887,279805340.0
15888,251486880.0
15890,169252180.0
15892,161172000.0
15893,169305680.0
15896,319825760.0
15898,472426560.0
15907,99606230.0
15908,101425230.0
15916,197728050.0
15918,389458200.0
15923,82788030.0
15932,286279740.0
15934,79704490.0
15941,141008200.0
15946,270779400.0
15947,43497324.0
15955,226438780.0
15961,401104800.0
15963,450038720.0
15965,162274660.0
15966,235202910.0
15969,192205680.0
15970,247731090.0
15972,319626180.0
15974,124069900.0
15975,101493990.0
15977,286589100.0
15978,96326430.0
15979,240876020.0
15985,119178290.0
15986,129344090.0
15988,91024424.0
15992,211167860.0
15993,211223400.0
15994,259042050.0
15996,205250930.0
15997,146370850.0
15998,475923460.0
16003,220758370.0
16008,393147140.0
16011,218382740.0
16013,213237180.0
16016,130389730.0
16020,904820160.0
16021,75330720.0
16022,300243400.0
16023,200575680.0
16027,167610270.0
16033,196882700.0
16036,314033800.0
16040,187176880.0
16055,180748260.0
16062,122709224.0
16068,112461240.0
16069,200755700.0
16076,148138670.0
16083,417037020.0
16084,115078920.0
16085,143103760.0
16088,360371900.0
16101,550184260.0
16105,90784850.0
16106,182883360.0
16108,148546080.0
16110,57790788.0
16113,174342720.0
16115,135460770.0
16122,110300120.0
16124,434297340.0
16126,637898600.0
16131,251961020.0
16141,451643740.0
16147,133471390.0
16153,236906670.0
16154,117223650.0
16156,77453736.0
16157,189869950.0
16159,242983570.0
16160,239574080.0
16161,278292400.0
16162,134770190.0
16164,172633540.0
16165,97746296.0
16171,476678940.0
16172,133892840.0
16173,167433140.0
16179,665710500.0
16185,533166200.0
16187,467957600.0
16188,214120980.0
16191,257193940.0
16194,361293800.0
16197,175102260.0
16199,234316160.0
16206,109588790.0
16210,157670820.0
16214,223758320.0
16216,179396780.0
16219,69919320.0
16224,85059224.0
16235,70963000.0
16243,73824370.0
16247,75806504.0
16248,586121150.0
16251,786624830.0
16254,438264100.0
16264,698258600.0
16268,278164260.0
16270,938632260.0
16271,201995280.0
16278,550051700.0
16279,225736260.0
16281,231980130.0
16282,129401016.0
16283,191156060.0
16284,137102220.0
16288,735204800.0
16292,106386140.0
16294,111428500.0
16295,652997800.0
16299,101027920.0
16300,197849920.0
16304,146269820.0
16307,194922600.0
16310,254351870.0
16313,339183330.0
16317,120939820.0
16319,232085040.0
16320,280921950.0
16324,390942720.0
16326,142863680.0
16328,99524610.0
16338,165615980.0
16340,317871650.0
16342,63062676.0
16343,349878600.0
16351,189902640.0
16354,572132800.0
16355,85602300.0
16356,75247630.0
16359,110064150.0
16362,190176940.0
16364,237484780.0
16368,136768180.0
16369,99679010.0
16385,203799120.0
16392,174307980.0
16402,148045250.0
16406,228948560.0
16413,150407600.0
16418,619406700.0
16419,96294430.0
16421,137947070.0
16422,172131790.0
16432,176980690.0
16433,140383660.0
16438,207265730.0
16443,84886230.0
16444,151081940.0
16445,241922930.0
16446,202713380.0
16450,119397400.0
16451,99967260.0
16460,82272240.0
16461,232216100.0
16467,132273100.0
16469,317902620.0
16472,333863300.0
16473,111241176.0
16480,470675230.0
16485,440353730.0
16488,862019200.0
16489,131753440.0
16490,128211576.0
16491,141253040.0
16502,169656930.0
16513,69584900.0
16515,110086530.0
16517,111022630.0
16519,355866620.0
16521,125945950.0
16522,214599020.0
16527,124570290.0
16528,172765570.0
16534,374372400.0
16535,96842400.0
16549,235338990.0
16554,157017340.0
16557,311017600.0
16558,152596830.0
16563,328791700.0
16565,404565760.0
16572,120283810.0
16573,134844320.0
16576,112338200.0
16581,533190560.0
16587,259399800.0
16590,382709800.0
16602,141768350.0
16610,141310200.0
16611,192786940.0
16619,589555300.0
16622,216490300.0
16628,467711740.0
16638,326083840.0
16639,160964800.0
16647,99592440.0
16649,258489710.0
16652,396591200.0
16656,315762530.0
16666,487881200.0
16668,233369310.0
16673,414833500.0
16674,305332200.0
16686,252426640.0
16693,141534880.0
16706,128506024.0
16708,266760060.0
16715,158053390.0
16719,381290720.0
16723,117500136.0
16725,132488880.0
16728,204890430.0
16730,105677816.0
16731,164560720.0
16733,131904930.0
16736,101470456.0
16738,116537816.0
16750,135296270.0
16753,281417120.0
16755,421069380.0
16756,283814270.0
16757,167517400.0
16758,166054740.0
16760,145275120.0
16762,237744930.0
16763,657051600.0
16770,217421730.0
16773,532203740.0
16774,98882504.0
16776,139564850.0
16780,73183490.0
16786,161980030.0
16788,170288500.0
16789,184226530.0
16791,136882400.0
16796,158005630.0
16797,77352950.0
16802,216727820.0
16803,326839420.0
16804,78503370.0
16809,241909380.0
16811,163356260.0
16812,215149650.0
16816,421407600.0
16826,694734660.0
16827,346310720.0
16828,699635500.0
16829,349767500.0
16830,308948350.0
16836,697131600.0
16838,240708020.0
16839,192040900.0
16840,311487100.0
16848,190126860.0
16853,323707970.0
16854,197454180.0
16860,233565890.0
16863,81036590.0
16867,255039540.0
16868,375563620.0
16872,304184900.0
16873,146522930.0
16877,772801600.0
16883,109228056.0
16888,100517016.0
16889,250829040.0
16891,226880130.0
16892,242068850.0
16893,338708860.0
16896,194834670.0
16897,97345860.0
16899,188618580.0
16903,818734660.0
16906,582805400.0
16907,313852770.0
16910,165673090.0
16911,99674510.0
16913,502870800.0
16916,151513020.0
16920,341901200.0
16922,154547920.0
16933,319016060.0
16938,153495340.0
16945,119091950.0
16949,77838210.0
16954,111285320.0
16962,288964380.0
16966,195466620.0
16970,337436600.0
16976,218351940.0
16990,297698100.0
16991,175197860.0
16995,78812090.0
16998,117997750.0
17001,120398504.0
17004,111548880.0
17008,195166100.0
17011,90629430.0
17013,162007170.0
17015,331111840.0
17021,152861070.0
17022,895012350.0
17026,203496080.0
17027,156239800.0
17035,403569150.0
17039,266056200.0
17042,430175170.0
17043,559830140.0
17049,117979790.0
17051,229018510.0
17052,297667360.0
17053,172124450.0
17054,120251130.0
17063,162694530.0
17065,126565710.0
17068,154427730.0
17070,232318830.0
17071,569661400.0
17072,263877060.0
17075,116946570.0
17080,581472700.0
17081,174370780.0
17082,135024300.0
17089,834855360.0
17094,174401800.0
17096,162649280.0
17097,114628136.0
17098,300211000.0
17108,98886080.0
17109,912387400.0
17110,73392560.0
17112,122128760.0
17122,69410560.0
17123,353420400.0
17128,225821550.0
17130,244006380.0
17132,199639570.0
17134,437953060.0
17135,242572020.0
17136,173632540.0
17144,400250270.0
17145,140299470.0
17149,124247130.0
17152,145812580.0
17154,617200700.0
17156,123080440.0
17158,110306856.0
17161,103335816.0
17168,399613300.0
17169,84240136.0
17171,314413600.0
17173,742411200.0
17174,286529800.0
17175,329082100.0
17177,331599840.0
17182,803142100.0
17184,203329380.0
17186,299169280.0
17188,328996540.0
17192,317089860.0
17198,96663210.0
17206,99190150.0
17209,216703700.0
17211,944064800.0
17220,467664930.0
17225,178842800.0
17231,81255670.0
17232,106523950.0
17235,107187920.0
17241,119564430.0
17243,130216410.0
17244,192033780.0
17245,119971250.0
17246,140887420.0
17250,59885708.0
17252,134360200.0
17253,223525630.0
17255,327734140.0
17259,284527000.0
17260,524810000.0
17262,779404160.0
17264,173325090.0
17267,76394120.0
17272,100019280.0
17277,227472270.0
17279,281506700.0
17281,243137970.0
17282,64595360.0
17294,411811300.0
17295,100724090.0
17296,212801710.0
17298,244449970.0
17299,202639890.0
17301,382415940.0
17304,121948110.0
17321,141297600.0
17325,408435650.0
17326,178363400.0
17329,116941480.0
17332,279168900.0
17333,262985860.0
17335,111838740.0
17338,614919300.0
17342,257599780.0
17346,247036160.0
17347,190376660.0
17348,78089430.0
17350,224288240.0
17351,162728820.0
17356,98000140.0
17357,362707700.0
17359,163684130.0
17361,106200400.0
17364,93392730.0
17365,141696670.0
17369,299405400.0
17373,214041570.0
17376,290451420.0
17380,198821470.0
17381,118251210.0
17384,136868400.0
17390,285972220.0
17394,155373060.0
17395,158498610.0
17398,317279330.0
17399,161506430.0
17400,132919290.0
17403,147479140.0
17404,163621700.0
17405,113477540.0
17407,139955180.0
17408,388660160.0
17409,123613690.0
17413,148038690.0
17414,133896470.0
17417,201334740.0
17418,121410630.0
17419,132643850.0
17424,323892200.0
17429,323695040.0
17430,95394880.0
17433,140564600.0
17437,118739090.0
17444,147000050.0
17450,298579200.0
17453,156206540.0
17455,115032420.0
17462,49670132.0
17463,225951310.0
17472,252955420.0
17476,244423460.0
17477,252421140.0
17478,247060140.0
17479,267114800.0
17480,157582700.0
17481,212430620.0
17492,195669140.0
17498,83097410.0
17501,873481860.0
17507,317555900.0
17509,935531900.0
17510,566513660.0
17513,142971730.0
17516,164001490.0
17521,214105660.0
17523,151597700.0
17528,363559400.0
17532,123941710.0
17535,363104930.0
17537,123375700.0
17539,136297520.0
17544,208214770.0
17549,440454660.0
17554,275396830.0
17556,80318824.0
17563,641759000.0
17566,308390460.0
17567,123486520.0
17571,187946990.0
17572,87198230.0
17573,59660464.0
17575,125254400.0
17577,141549980.0
17578,273025000.0
17583,136267250.0
17586,186116270.0
17588,205122050.0
17590,434291070.0
17593,113373304.0
17596,100456030.0
17606,281100860.0
17622,112677730.0
17628,141970200.0
17632,103998264.0
17634,267338110.0
17643,92176150.0
17644,119657050.0
17653,109029440.0
17655,243074660.0
17656,263410930.0
17662,596510100.0
17667,97956616.0
17668,122436310.0
17669,156001600.0
17671,257046780.0
17673,86181096.0
17685,90499610.0
17690,776169500.0
17696,201387070.0
17697,82662430.0
17705,201123100.0
17708,77518500.0
17709,138071040.0
17714,188450320.0
17720,307292960.0
17726,99812056.0
17727,264689180.0
17729,106428180.0
17734,101462210.0
17735,230490200.0
17739,220300110.0
17741,213214220.0
17743,200062240.0
17744,136034080.0
17763,140088620.0
17775,202992660.0
17776,236460380.0
17777,72196830.0
17779,196270060.0
17783,304254560.0
17784,365597700.0
17785,561142700.0
17790,128697150.0
17794,547830900.0
17795,128835440.0
17799,223254930.0
17801,291904100.0
17804,457027500.0
17817,93624560.0
17818,113758104.0
17822,83849670.0
17824,230417340.0
17828,324343360.0
17831,125484824.0
17834,146452660.0
17835,180480910.0
17838,220533800.0
17842,433932030.0
17843,147417710.0
17849,113873544.0
17851,150252350.0
17854,304428700.0
17855,162183230.0
17858,152655420.0
17860,72564504.0
17867,327045820.0
17869,292224350.0
17871,164063520.0
17873,119106460.0
17877,101959550.0
17879,81816950.0
17880,418277150.0
17881,341701570.0
17885,155226190.0
17890,126239810.0
17892,238518750.0
17894,438417380.0
17901,60038116.0
17907,112201704.0
17916,320928420.0
17923,194964690.0
17925,143095150.0
17926,116153140.0
17927,129579784.0
17928,174167380.0
17929,264720780.0
17938,290980740.0
17942,106231770.0
17947,200161440.0
17951,214710060.0
17954,414699740.0
17958,1016565250.0
17959,247748340.0
17964,78797870.0
17966,108270420.0
17973,128679940.0
17976,215275920.0
17977,88798456.0
17982,124017800.0
17987,245223230.0
17998,564629200.0
18003,588178050.0
18011,61637948.0
18015,107604360.0
18023,110142024.0
18028,330655140.0
18029,135948110.0
18037,596118200.0
18041,182617490.0
18045,129337710.0
18046,73493660.0
18049,88657870.0
18050,87871496.0
18055,148641090.0
18057,141394000.0
18061,277774530.0
18075,104865310.0
18083,132419620.0
18088,73440520.0
18096,261368700.0
18097,150611330.0
18099,130720070.0
18101,62756160.0
18103,646030400.0
18104,65349176.0
18109,114977010.0
18111,87578776.0
18114,931911040.0
18115,76507920.0
18117,228348980.0
18121,303858400.0
18123,243848400.0
18126,296000580.0
18127,239130000.0
18129,120397880.0
18130,301863870.0
18131,703691000.0
18133,513971420.0
18137,118399416.0
18145,251724450.0
18147,119962970.0
18150,233503730.0
18153,297493300.0
18154,88112140.0
18155,110022360.0
18162,94820824.0
18163,113181150.0
18165,144097870.0
18167,166299760.0
18169,392411200.0
18175,166382820.0
18178,385924930.0
18186,133339900.0
18187,94824216.0
18188,70490500.0
18190,80422136.0
18196,196999630.0
18197,135980600.0
18198,126087816.0
18199,263613710.0
18202,203695950.0
18207,87562690.0
18208,134435580.0
18213,168843150.0
18218,108896400.0
18220,84251130.0
18222,175429230.0
18223,98990550.0
18225,69843740.0
18226,115498070.0
18227,227992260.0
18231,168574500.0
18233,378901200.0
18238,75280520.0
18240,388170500.0
18243,113891360.0
18244,134400220.0
18245,122858570.0
18246,281648160.0
18248,138715580.0
18249,99948856.0
18250,84727150.0
18254,103563176.0
18258,767934200.0
18259,179901940.0
18260,330193440.0
18263,100420640.0
18266,95665470.0
18268,167440640.0
18271,121847840.0
18276,522832100.0
18278,175375340.0
18279,201502610.0
18280,129501380.0
18285,103746710.0
18287,447217920.0
18291,809904800.0
18293,397506700.0
18297,168374430.0
18298,150084080.0
18301,512903600.0
18305,483806750.0
18307,75928970.0
18308,147314820.0
18316,282729860.0
18317,115420890.0
18318,276893400.0
18319,200074160.0
18324,225153380.0
